origin,policy,Q,rotation,window,n32,mean,SE
i20_new,native/r0p9/cp,0,0,whole,32,0.22873723955364145,0.0030464704500715251
i20_new,native/r0p9/rec99,0,0,whole,32,0.22994789185906062,0.0032456278394750958
i20_new,native/r0p9/rec9,0,0,whole,32,0.27122267515374332,0.0031207821369980846
i20_new,native/rstar/cp,0,0,whole,32,0.6411070606575735,0.0045321153072259666
i20_new,native/rstar/rec99,0,0,whole,32,0.6431469092632478,0.004652877458629202
i20_new,native/rstar/rec9,0,0,whole,32,0.68356314876249868,0.004376962747408588
i20_new,full_legacy/r0p9/cp,0,0,whole,32,0.22999614146218711,0.0030334161753643777
i20_new,full_legacy/r0p9/rec99,0,0,whole,32,0.23093765935876256,0.0032670735847157972
i20_new,full_legacy/r0p9/rec9,0,0,whole,32,0.27122267515374332,0.0031207821369980846
i20_new,full_legacy/rstar/cp,0,0,whole,32,0.64471872247028661,0.0042875966752764999
i20_new,full_legacy/rstar/rec99,0,0,whole,32,0.64741902121994288,0.0045174157343442533
i20_new,full_legacy/rstar/rec9,0,0,whole,32,0.68595482809453934,0.004240474846843905
i20_new,ew99/r0p9/cp,0,0,whole,32,0.2298221293779627,0.0029503568067058821
i20_new,ew99/r0p9/rec99,0,0,whole,32,0.22643142250216841,0.0029208894854119635
i20_new,ew99/r0p9/rec9,0,0,whole,32,0.27122267515374332,0.0031207821369980846
i20_new,ew99/rstar/cp,0,0,whole,32,0.64683508055219385,0.0040551849224322589
i20_new,ew99/rstar/rec99,0,0,whole,32,0.64405137354675213,0.0042223870141567194
i20_new,ew99/rstar/rec9,0,0,whole,32,0.68822021173413239,0.0041835299347144882
i20_new,ew999/r0p9/cp,0,0,whole,32,0.22868634816546912,0.0028926153513764135
i20_new,ew999/r0p9/rec99,0,0,whole,32,0.22528818100471096,0.0028930483534559733
i20_new,ew999/r0p9/rec9,0,0,whole,32,0.27122267515374332,0.0031207821369980846
i20_new,ew999/rstar/cp,0,0,whole,32,0.64363080802407424,0.0040037807287421293
i20_new,ew999/rstar/rec99,0,0,whole,32,0.64004391702691721,0.0042038651061846316
i20_new,ew999/rstar/rec9,0,0,whole,32,0.68604226132182367,0.0041839533089908084
i20_new,oracle_useful/r0p9/cp,0,0,whole,32,0.11740268593813161,0.014443190435699707
i20_new,oracle_useful/r0p9/rec99,0,0,whole,32,0.11740268593813161,0.014443190435699711
i20_new,oracle_useful/r0p9/rec9,0,0,whole,32,0.27122267515374332,0.0031207821369980846
i20_new,oracle_useful/rstar/cp,0,0,whole,32,0.2204229806954825,0.014492594117124917
i20_new,oracle_useful/rstar/rec99,0,0,whole,32,0.2204229806954825,0.014492594117124918
i20_new,oracle_useful/rstar/rec9,0,0,whole,32,0.37424296991109418,0.0031512013292694201
i20_new,oracle_nuisance/r0p9/cp,0,0,whole,32,0.23731904017412939,0.0044623051468830437
i20_new,oracle_nuisance/r0p9/rec99,0,0,whole,32,0.23731904017412939,0.0044623051468830437
i20_new,oracle_nuisance/r0p9/rec9,0,0,whole,32,0.27122267515374332,0.0031207821369980846
i20_new,oracle_nuisance/rstar/cp,0,0,whole,32,0.65356684903782947,0.0054299912872123575
i20_new,oracle_nuisance/rstar/rec99,0,0,whole,32,0.65356684903782947,0.0054299912872123567
i20_new,oracle_nuisance/rstar/rec9,0,0,whole,32,0.68747048401744348,0.0042685593033507541
i20_new,native/r0p9/cp,0,0,startup,32,0.65396685779592434,0.089324635568016286
i20_new,native/r0p9/rec99,0,0,startup,32,0.68455295394471616,0.095179023244349223
i20_new,native/r0p9/rec9,0,0,startup,32,0.48029515802742484,0.06146866717670451
i20_new,native/rstar/cp,0,0,startup,32,0.84324853227900254,0.081879303954381893
i20_new,native/rstar/rec99,0,0,startup,32,0.88594205756603284,0.089192106159671464
i20_new,native/rstar/rec9,0,0,startup,32,0.66818028927569251,0.037958361530668519
i20_new,full_legacy/r0p9/cp,0,0,startup,32,0.65562364486820324,0.086708292778020279
i20_new,full_legacy/r0p9/rec99,0,0,startup,32,0.67752066652294007,0.093324493046112844
i20_new,full_legacy/r0p9/rec9,0,0,startup,32,0.48029515802742484,0.06146866717670451
i20_new,full_legacy/rstar/cp,0,0,startup,32,0.85355904208012401,0.079072766010057222
i20_new,full_legacy/rstar/rec99,0,0,startup,32,0.90479586796811762,0.091524576641196911
i20_new,full_legacy/rstar/rec9,0,0,startup,32,0.67627026404957391,0.037824482385317409
i20_new,ew99/r0p9/cp,0,0,startup,32,0.62017789747540286,0.063601528622117667
i20_new,ew99/r0p9/rec99,0,0,startup,32,0.51427523373035933,0.061549286691784763
i20_new,ew99/r0p9/rec9,0,0,startup,32,0.48029515802742484,0.06146866717670451
i20_new,ew99/rstar/cp,0,0,startup,32,0.87945532236994173,0.046588108171909989
i20_new,ew99/rstar/rec99,0,0,startup,32,0.76630971367585254,0.039685746012855641
i20_new,ew99/rstar/rec9,0,0,startup,32,0.73547033201473244,0.034268842573679237
i20_new,ew999/r0p9/cp,0,0,startup,32,0.61554595104174026,0.063445764537932436
i20_new,ew999/r0p9/rec99,0,0,startup,32,0.51722400822963555,0.061668233935014971
i20_new,ew999/r0p9/rec9,0,0,startup,32,0.48029515802742484,0.06146866717670451
i20_new,ew999/rstar/cp,0,0,startup,32,0.87290215206913691,0.046805341554800296
i20_new,ew999/rstar/rec99,0,0,startup,32,0.76584264402307434,0.040490246330230295
i20_new,ew999/rstar/rec9,0,0,startup,32,0.73306458567353328,0.034435890532228987
i20_new,oracle_useful/r0p9/cp,0,0,startup,32,1.6275362094323826,0.50838576705449467
i20_new,oracle_useful/r0p9/rec99,0,0,startup,32,1.6275362094323829,0.50838576705449467
i20_new,oracle_useful/r0p9/rec9,0,0,startup,32,0.48029515802742484,0.06146866717670451
i20_new,oracle_useful/rstar/cp,0,0,startup,32,1.6860701282749875,0.5092275677959206
i20_new,oracle_useful/rstar/rec99,0,0,startup,32,1.6860701282749875,0.50922756779592071
i20_new,oracle_useful/rstar/rec9,0,0,startup,32,0.53882907687002968,0.061699919312038463
i20_new,oracle_nuisance/r0p9/cp,0,0,startup,32,0.9288410892102561,0.11909786656054047
i20_new,oracle_nuisance/r0p9/rec99,0,0,startup,32,0.9288410892102561,0.11909786656054047
i20_new,oracle_nuisance/r0p9/rec9,0,0,startup,32,0.48029515802742484,0.06146866717670451
i20_new,oracle_nuisance/rstar/cp,0,0,startup,32,1.2343301697575746,0.11339419428321795
i20_new,oracle_nuisance/rstar/rec99,0,0,startup,32,1.2343301697575746,0.11339419428321795
i20_new,oracle_nuisance/rstar/rec9,0,0,startup,32,0.78578423857474311,0.035102010568350425
i20_new,native/r0p9/cp,0,0,transition,32,0.21924205002719493,0.0043887128194797648
i20_new,native/r0p9/rec99,0,0,transition,32,0.22062375246135446,0.00427295495053786
i20_new,native/r0p9/rec9,0,0,transition,32,0.2695903855835905,0.0053432972998018798
i20_new,native/rstar/cp,0,0,transition,32,0.62875034359318949,0.0076763634757144282
i20_new,native/rstar/rec99,0,0,transition,32,0.63113983690813868,0.0075540098514163007
i20_new,native/rstar/rec9,0,0,transition,32,0.67896742350689543,0.0075886144001156633
i20_new,full_legacy/r0p9/cp,0,0,transition,32,0.22389882457495447,0.0052182829218782433
i20_new,full_legacy/r0p9/rec99,0,0,transition,32,0.22453655177639759,0.0049660634190810734
i20_new,full_legacy/r0p9/rec9,0,0,transition,32,0.2695903855835905,0.0053432972998018798
i20_new,full_legacy/rstar/cp,0,0,transition,32,0.64113855850489521,0.0080632576005905884
i20_new,full_legacy/rstar/rec99,0,0,transition,32,0.64385854697607503,0.0080047781418950137
i20_new,full_legacy/rstar/rec9,0,0,transition,32,0.68680390010901293,0.0080179791193160637
i20_new,ew99/r0p9/cp,0,0,transition,32,0.22706378985951073,0.0057608799990312761
i20_new,ew99/r0p9/rec99,0,0,transition,32,0.22264710288415257,0.0052662282011283895
i20_new,ew99/r0p9/rec9,0,0,transition,32,0.2695903855835905,0.0053432972998018798
i20_new,ew99/rstar/cp,0,0,transition,32,0.64766715123503193,0.0085822084128079103
i20_new,ew99/rstar/rec99,0,0,transition,32,0.64427853032873617,0.0081875597318956158
i20_new,ew99/rstar/rec9,0,0,transition,32,0.69029446942711126,0.0082346264307129446
i20_new,ew999/r0p9/cp,0,0,transition,32,0.22548087652473842,0.0055912992920316368
i20_new,ew999/r0p9/rec99,0,0,transition,32,0.22130476880355007,0.0051505480329802362
i20_new,ew999/r0p9/rec9,0,0,transition,32,0.2695903855835905,0.0053432972998018798
i20_new,ew999/rstar/cp,0,0,transition,32,0.64355965732488851,0.0083266540304447276
i20_new,ew999/rstar/rec99,0,0,transition,32,0.63951975767155911,0.0080269328347676184
i20_new,ew999/rstar/rec9,0,0,transition,32,0.68762961951398616,0.0081719828824271847
i20_new,oracle_useful/r0p9/cp,0,0,transition,32,0.097794995268960266,0.0077534022982368713
i20_new,oracle_useful/r0p9/rec99,0,0,transition,32,0.097794995268960266,0.0077534022982368731
i20_new,oracle_useful/r0p9/rec9,0,0,transition,32,0.2695903855835905,0.0053432972998018798
i20_new,oracle_useful/rstar/cp,0,0,transition,32,0.20173391743046065,0.0081284838841923935
i20_new,oracle_useful/rstar/rec99,0,0,transition,32,0.20173391743046068,0.0081284838841923952
i20_new,oracle_useful/rstar/rec9,0,0,transition,32,0.37352930774509085,0.0056210174461985276
i20_new,oracle_nuisance/r0p9/cp,0,0,transition,32,0.22918896217059254,0.0060146865588755977
i20_new,oracle_nuisance/r0p9/rec99,0,0,transition,32,0.22918896217059251,0.0060146865588755977
i20_new,oracle_nuisance/r0p9/rec9,0,0,transition,32,0.2695903855835905,0.0053432972998018798
i20_new,oracle_nuisance/rstar/cp,0,0,transition,32,0.64829602191084645,0.008859261223601313
i20_new,oracle_nuisance/rstar/rec99,0,0,transition,32,0.64829602191084645,0.008859261223601313
i20_new,oracle_nuisance/rstar/rec9,0,0,transition,32,0.68869744532384447,0.0082830348533135326
i20_new,native/r0p9/cp,0,0,late,32,0.21741147580349929,0.0022493162934930934
i20_new,native/r0p9/rec99,0,0,late,32,0.21759163160885059,0.0022562924110514073
i20_new,native/r0p9/rec9,0,0,late,32,0.26474327926233315,0.0023518050102707445
i20_new,native/rstar/cp,0,0,late,32,0.63807602672284114,0.0043319041770248732
i20_new,native/rstar/rec99,0,0,late,32,0.63865585935968783,0.0043137081086456535
i20_new,native/rstar/rec9,0,0,late,32,0.68545462832207327,0.0043473305158665543
i20_new,full_legacy/r0p9/cp,0,0,late,32,0.21763775308148969,0.0022511292151786415
i20_new,full_legacy/r0p9/rec99,0,0,late,32,0.21797189139466611,0.0022602627985525768
i20_new,full_legacy/r0p9/rec9,0,0,late,32,0.26474327926233315,0.0023518050102707445
i20_new,full_legacy/rstar/cp,0,0,late,32,0.63883142767290946,0.004329634587237949
i20_new,full_legacy/rstar/rec99,0,0,late,32,0.63990793526816403,0.0043024404349807886
i20_new,full_legacy/rstar/rec9,0,0,late,32,0.68602292529169606,0.0043421231233416648
i20_new,ew99/r0p9/cp,0,0,late,32,0.21763777229691694,0.0022511297962925845
i20_new,ew99/r0p9/rec99,0,0,late,32,0.21797192467996679,0.0022602585844703187
i20_new,ew99/r0p9/rec9,0,0,late,32,0.26474327926233315,0.0023518050102707445
i20_new,ew99/rstar/cp,0,0,late,32,0.63883145128675078,0.0043296400442425376
i20_new,ew99/rstar/rec99,0,0,late,32,0.63990794850785337,0.0043024411250482033
i20_new,ew99/rstar/rec9,0,0,late,32,0.68602293041688533,0.0043421276959553796
i20_new,ew999/r0p9/cp,0,0,late,32,0.21675266956181261,0.0022472701753536431
i20_new,ew999/r0p9/rec99,0,0,late,32,0.2167520104242284,0.0022474891003297021
i20_new,ew999/r0p9/rec9,0,0,late,32,0.26474327926233315,0.0023518050102707445
i20_new,ew999/rstar/cp,0,0,late,32,0.63600977509899448,0.0043298506175778991
i20_new,ew999/rstar/rec99,0,0,late,32,0.63600787393365288,0.0043261445513252351
i20_new,ew999/rstar/rec9,0,0,late,32,0.68399864305245117,0.0043566283672597777
i20_new,oracle_useful/r0p9/cp,0,0,late,32,0.072947209022407991,0.0011106440788712477
i20_new,oracle_useful/r0p9/rec99,0,0,late,32,0.072947209022407991,0.0011106440788712475
i20_new,oracle_useful/r0p9/rec9,0,0,late,32,0.26474327926233315,0.0023518050102707445
i20_new,oracle_useful/rstar/cp,0,0,late,32,0.17717479475567216,0.0016262272193152058
i20_new,oracle_useful/rstar/rec99,0,0,late,32,0.17717479475567216,0.0016262272193152058
i20_new,oracle_useful/rstar/rec9,0,0,late,32,0.36897086499559739,0.0024465396622575498
i20_new,oracle_nuisance/r0p9/cp,0,0,late,32,0.21670732860731956,0.0022520446705224652
i20_new,oracle_nuisance/r0p9/rec99,0,0,late,32,0.21670732860731956,0.0022520446705224643
i20_new,oracle_nuisance/r0p9/rec9,0,0,late,32,0.26474327926233315,0.0023518050102707445
i20_new,oracle_nuisance/rstar/cp,0,0,late,32,0.63578931981859943,0.0043449294246046708
i20_new,oracle_nuisance/rstar/rec99,0,0,late,32,0.63578931981859943,0.0043449294246046726
i20_new,oracle_nuisance/rstar/rec9,0,0,late,32,0.68382527047361308,0.0043717311143920438
i20_new,native/r0p9/cp,0,0.78539816339744828,whole,32,0.22873723955364145,0.0030464704500715238
i20_new,native/r0p9/rec99,0,0.78539816339744828,whole,32,0.22994789185906059,0.0032456278394750932
i20_new,native/r0p9/rec9,0,0.78539816339744828,whole,32,0.27122267515374332,0.0031207821369980851
i20_new,native/rstar/cp,0,0.78539816339744828,whole,32,0.6411070606575735,0.0045321153072259658
i20_new,native/rstar/rec99,0,0.78539816339744828,whole,32,0.6431469092632478,0.0046528774586291994
i20_new,native/rstar/rec9,0,0.78539816339744828,whole,32,0.68356314876249868,0.0043769627474085923
i20_new,full_legacy/r0p9/cp,0,0.78539816339744828,whole,32,0.22999614146218708,0.0030334161753643777
i20_new,full_legacy/r0p9/rec99,0,0.78539816339744828,whole,32,0.23093765935876256,0.003267073584715798
i20_new,full_legacy/r0p9/rec9,0,0.78539816339744828,whole,32,0.27122267515374332,0.0031207821369980851
i20_new,full_legacy/rstar/cp,0,0.78539816339744828,whole,32,0.64471872247028661,0.0042875966752764999
i20_new,full_legacy/rstar/rec99,0,0.78539816339744828,whole,32,0.64741902121994288,0.0045174157343442524
i20_new,full_legacy/rstar/rec9,0,0.78539816339744828,whole,32,0.68595482809453934,0.0042404748468439068
i20_new,ew99/r0p9/cp,0,0.78539816339744828,whole,32,0.2298221293779627,0.0029503568067058856
i20_new,ew99/r0p9/rec99,0,0.78539816339744828,whole,32,0.22643142250216841,0.0029208894854119644
i20_new,ew99/r0p9/rec9,0,0.78539816339744828,whole,32,0.27122267515374332,0.0031207821369980851
i20_new,ew99/rstar/cp,0,0.78539816339744828,whole,32,0.64683508055219385,0.0040551849224322581
i20_new,ew99/rstar/rec99,0,0.78539816339744828,whole,32,0.64405137354675213,0.0042223870141567177
i20_new,ew99/rstar/rec9,0,0.78539816339744828,whole,32,0.68822021173413239,0.004183529934714489
i20_new,ew999/r0p9/cp,0,0.78539816339744828,whole,32,0.22868634816546912,0.0028926153513764139
i20_new,ew999/r0p9/rec99,0,0.78539816339744828,whole,32,0.22528818100471093,0.0028930483534559711
i20_new,ew999/r0p9/rec9,0,0.78539816339744828,whole,32,0.27122267515374332,0.0031207821369980851
i20_new,ew999/rstar/cp,0,0.78539816339744828,whole,32,0.64363080802407424,0.0040037807287421302
i20_new,ew999/rstar/rec99,0,0.78539816339744828,whole,32,0.64004391702691721,0.0042038651061846316
i20_new,ew999/rstar/rec9,0,0.78539816339744828,whole,32,0.68604226132182355,0.0041839533089908128
i20_new,oracle_useful/r0p9/cp,0,0.78539816339744828,whole,32,0.11740268593813155,0.014443190435699714
i20_new,oracle_useful/r0p9/rec99,0,0.78539816339744828,whole,32,0.11740268593813175,0.014443190435699806
i20_new,oracle_useful/r0p9/rec9,0,0.78539816339744828,whole,32,0.27122267515374332,0.0031207821369980851
i20_new,oracle_useful/rstar/cp,0,0.78539816339744828,whole,32,0.22042298069548247,0.014492594117124924
i20_new,oracle_useful/rstar/rec99,0,0.78539816339744828,whole,32,0.22042298069548247,0.01449259411712492
i20_new,oracle_useful/rstar/rec9,0,0.78539816339744828,whole,32,0.37424296991109418,0.0031512013292694196
i20_new,oracle_nuisance/r0p9/cp,0,0.78539816339744828,whole,32,0.23731904017412914,0.0044623051468830402
i20_new,oracle_nuisance/r0p9/rec99,0,0.78539816339744828,whole,32,0.23731904017412933,0.0044623051468830558
i20_new,oracle_nuisance/r0p9/rec9,0,0.78539816339744828,whole,32,0.27122267515374332,0.0031207821369980851
i20_new,oracle_nuisance/rstar/cp,0,0.78539816339744828,whole,32,0.65356684903782936,0.0054299912872123549
i20_new,oracle_nuisance/rstar/rec99,0,0.78539816339744828,whole,32,0.65356684903782936,0.0054299912872123549
i20_new,oracle_nuisance/rstar/rec9,0,0.78539816339744828,whole,32,0.68747048401744337,0.0042685593033507524
i20_new,native/r0p9/cp,0,0.78539816339744828,startup,32,0.65396685779592434,0.089324635568016286
i20_new,native/r0p9/rec99,0,0.78539816339744828,startup,32,0.68455295394471616,0.095179023244349251
i20_new,native/r0p9/rec9,0,0.78539816339744828,startup,32,0.48029515802742484,0.06146866717670451
i20_new,native/rstar/cp,0,0.78539816339744828,startup,32,0.84324853227900254,0.081879303954381893
i20_new,native/rstar/rec99,0,0.78539816339744828,startup,32,0.88594205756603273,0.089192106159671408
i20_new,native/rstar/rec9,0,0.78539816339744828,startup,32,0.66818028927569251,0.037958361530668519
i20_new,full_legacy/r0p9/cp,0,0.78539816339744828,startup,32,0.65562364486820301,0.086708292778020252
i20_new,full_legacy/r0p9/rec99,0,0.78539816339744828,startup,32,0.67752066652294018,0.093324493046112886
i20_new,full_legacy/r0p9/rec9,0,0.78539816339744828,startup,32,0.48029515802742484,0.06146866717670451
i20_new,full_legacy/rstar/cp,0,0.78539816339744828,startup,32,0.85355904208012379,0.079072766010057194
i20_new,full_legacy/rstar/rec99,0,0.78539816339744828,startup,32,0.90479586796811784,0.091524576641196953
i20_new,full_legacy/rstar/rec9,0,0.78539816339744828,startup,32,0.6762702640495738,0.037824482385317409
i20_new,ew99/r0p9/cp,0,0.78539816339744828,startup,32,0.62017789747540264,0.063601528622117667
i20_new,ew99/r0p9/rec99,0,0.78539816339744828,startup,32,0.51427523373035933,0.061549286691784763
i20_new,ew99/r0p9/rec9,0,0.78539816339744828,startup,32,0.48029515802742484,0.06146866717670451
i20_new,ew99/rstar/cp,0,0.78539816339744828,startup,32,0.87945532236994173,0.046588108171909969
i20_new,ew99/rstar/rec99,0,0.78539816339744828,startup,32,0.76630971367585254,0.039685746012855662
i20_new,ew99/rstar/rec9,0,0.78539816339744828,startup,32,0.73547033201473244,0.034268842573679237
i20_new,ew999/r0p9/cp,0,0.78539816339744828,startup,32,0.61554595104174026,0.063445764537932423
i20_new,ew999/r0p9/rec99,0,0.78539816339744828,startup,32,0.51722400822963555,0.061668233935014943
i20_new,ew999/r0p9/rec9,0,0.78539816339744828,startup,32,0.48029515802742484,0.06146866717670451
i20_new,ew999/rstar/cp,0,0.78539816339744828,startup,32,0.87290215206913679,0.046805341554800275
i20_new,ew999/rstar/rec99,0,0.78539816339744828,startup,32,0.76584264402307423,0.040490246330230295
i20_new,ew999/rstar/rec9,0,0.78539816339744828,startup,32,0.73306458567353328,0.034435890532228987
i20_new,oracle_useful/r0p9/cp,0,0.78539816339744828,startup,32,1.6275362094323829,0.5083857670544949
i20_new,oracle_useful/r0p9/rec99,0,0.78539816339744828,startup,32,1.6275362094323893,0.50838576705449723
i20_new,oracle_useful/r0p9/rec9,0,0.78539816339744828,startup,32,0.48029515802742484,0.06146866717670451
i20_new,oracle_useful/rstar/cp,0,0.78539816339744828,startup,32,1.6860701282749881,0.50922756779592093
i20_new,oracle_useful/rstar/rec99,0,0.78539816339744828,startup,32,1.6860701282749879,0.50922756779592082
i20_new,oracle_useful/rstar/rec9,0,0.78539816339744828,startup,32,0.53882907687002968,0.061699919312038463
i20_new,oracle_nuisance/r0p9/cp,0,0.78539816339744828,startup,32,0.92884108921025565,0.11909786656054039
i20_new,oracle_nuisance/r0p9/rec99,0,0.78539816339744828,startup,32,0.92884108921025799,0.1190978665605408
i20_new,oracle_nuisance/r0p9/rec9,0,0.78539816339744828,startup,32,0.48029515802742484,0.06146866717670451
i20_new,oracle_nuisance/rstar/cp,0,0.78539816339744828,startup,32,1.2343301697575741,0.1133941942832179
i20_new,oracle_nuisance/rstar/rec99,0,0.78539816339744828,startup,32,1.2343301697575741,0.11339419428321791
i20_new,oracle_nuisance/rstar/rec9,0,0.78539816339744828,startup,32,0.78578423857474311,0.035102010568350425
i20_new,native/r0p9/cp,0,0.78539816339744828,transition,32,0.21924205002719493,0.0043887128194797578
i20_new,native/r0p9/rec99,0,0.78539816339744828,transition,32,0.22062375246135443,0.0042729549505378644
i20_new,native/r0p9/rec9,0,0.78539816339744828,transition,32,0.2695903855835905,0.005343297299801879
i20_new,native/rstar/cp,0,0.78539816339744828,transition,32,0.62875034359318949,0.0076763634757144282
i20_new,native/rstar/rec99,0,0.78539816339744828,transition,32,0.63113983690813846,0.0075540098514163007
i20_new,native/rstar/rec9,0,0.78539816339744828,transition,32,0.67896742350689543,0.007588614400115665
i20_new,full_legacy/r0p9/cp,0,0.78539816339744828,transition,32,0.22389882457495444,0.0052182829218782407
i20_new,full_legacy/r0p9/rec99,0,0.78539816339744828,transition,32,0.22453655177639761,0.0049660634190810751
i20_new,full_legacy/r0p9/rec9,0,0.78539816339744828,transition,32,0.2695903855835905,0.005343297299801879
i20_new,full_legacy/rstar/cp,0,0.78539816339744828,transition,32,0.64113855850489521,0.0080632576005905919
i20_new,full_legacy/rstar/rec99,0,0.78539816339744828,transition,32,0.64385854697607503,0.008004778141895012
i20_new,full_legacy/rstar/rec9,0,0.78539816339744828,transition,32,0.68680390010901293,0.0080179791193160585
i20_new,ew99/r0p9/cp,0,0.78539816339744828,transition,32,0.22706378985951076,0.005760879999031277
i20_new,ew99/r0p9/rec99,0,0.78539816339744828,transition,32,0.22264710288415254,0.0052662282011283904
i20_new,ew99/r0p9/rec9,0,0.78539816339744828,transition,32,0.2695903855835905,0.005343297299801879
i20_new,ew99/rstar/cp,0,0.78539816339744828,transition,32,0.64766715123503193,0.0085822084128079085
i20_new,ew99/rstar/rec99,0,0.78539816339744828,transition,32,0.64427853032873617,0.0081875597318956227
i20_new,ew99/rstar/rec9,0,0.78539816339744828,transition,32,0.69029446942711126,0.0082346264307129428
i20_new,ew999/r0p9/cp,0,0.78539816339744828,transition,32,0.22548087652473839,0.0055912992920316264
i20_new,ew999/r0p9/rec99,0,0.78539816339744828,transition,32,0.22130476880355002,0.0051505480329802353
i20_new,ew999/r0p9/rec9,0,0.78539816339744828,transition,32,0.2695903855835905,0.005343297299801879
i20_new,ew999/rstar/cp,0,0.78539816339744828,transition,32,0.64355965732488851,0.0083266540304447259
i20_new,ew999/rstar/rec99,0,0.78539816339744828,transition,32,0.639519757671559,0.0080269328347676184
i20_new,ew999/rstar/rec9,0,0.78539816339744828,transition,32,0.68762961951398616,0.0081719828824271847
i20_new,oracle_useful/r0p9/cp,0,0.78539816339744828,transition,32,0.097794995268960197,0.0077534022982368739
i20_new,oracle_useful/r0p9/rec99,0,0.78539816339744828,transition,32,0.097794995268960544,0.0077534022982370093
i20_new,oracle_useful/r0p9/rec9,0,0.78539816339744828,transition,32,0.2695903855835905,0.005343297299801879
i20_new,oracle_useful/rstar/cp,0,0.78539816339744828,transition,32,0.20173391743046068,0.0081284838841924004
i20_new,oracle_useful/rstar/rec99,0,0.78539816339744828,transition,32,0.20173391743046065,0.00812848388419239
i20_new,oracle_useful/rstar/rec9,0,0.78539816339744828,transition,32,0.37352930774509091,0.0056210174461985268
i20_new,oracle_nuisance/r0p9/cp,0,0.78539816339744828,transition,32,0.22918896217059226,0.0060146865588755908
i20_new,oracle_nuisance/r0p9/rec99,0,0.78539816339744828,transition,32,0.22918896217059254,0.0060146865588756116
i20_new,oracle_nuisance/r0p9/rec9,0,0.78539816339744828,transition,32,0.2695903855835905,0.005343297299801879
i20_new,oracle_nuisance/rstar/cp,0,0.78539816339744828,transition,32,0.64829602191084656,0.008859261223601313
i20_new,oracle_nuisance/rstar/rec99,0,0.78539816339744828,transition,32,0.64829602191084645,0.0088592612236013096
i20_new,oracle_nuisance/rstar/rec9,0,0.78539816339744828,transition,32,0.68869744532384436,0.0082830348533135343
i20_new,native/r0p9/cp,0,0.78539816339744828,late,32,0.21741147580349932,0.0022493162934931043
i20_new,native/r0p9/rec99,0,0.78539816339744828,late,32,0.21759163160885059,0.0022562924110514052
i20_new,native/r0p9/rec9,0,0.78539816339744828,late,32,0.26474327926233315,0.0023518050102707445
i20_new,native/rstar/cp,0,0.78539816339744828,late,32,0.63807602672284103,0.0043319041770248749
i20_new,native/rstar/rec99,0,0.78539816339744828,late,32,0.63865585935968783,0.0043137081086456509
i20_new,native/rstar/rec9,0,0.78539816339744828,late,32,0.68545462832207327,0.0043473305158665551
i20_new,full_legacy/r0p9/cp,0,0.78539816339744828,late,32,0.21763775308148967,0.0022511292151786394
i20_new,full_legacy/r0p9/rec99,0,0.78539816339744828,late,32,0.21797189139466611,0.0022602627985525785
i20_new,full_legacy/r0p9/rec9,0,0.78539816339744828,late,32,0.26474327926233315,0.0023518050102707445
i20_new,full_legacy/rstar/cp,0,0.78539816339744828,late,32,0.63883142767290946,0.004329634587237949
i20_new,full_legacy/rstar/rec99,0,0.78539816339744828,late,32,0.63990793526816403,0.0043024404349807878
i20_new,full_legacy/rstar/rec9,0,0.78539816339744828,late,32,0.68602292529169606,0.0043421231233416648
i20_new,ew99/r0p9/cp,0,0.78539816339744828,late,32,0.21763777229691691,0.002251129796292585
i20_new,ew99/r0p9/rec99,0,0.78539816339744828,late,32,0.21797192467996679,0.0022602585844703187
i20_new,ew99/r0p9/rec9,0,0.78539816339744828,late,32,0.26474327926233315,0.0023518050102707445
i20_new,ew99/rstar/cp,0,0.78539816339744828,late,32,0.63883145128675078,0.004329640044242542
i20_new,ew99/rstar/rec99,0,0.78539816339744828,late,32,0.63990794850785337,0.0043024411250482042
i20_new,ew99/rstar/rec9,0,0.78539816339744828,late,32,0.68602293041688533,0.0043421276959553778
i20_new,ew999/r0p9/cp,0,0.78539816339744828,late,32,0.21675266956181261,0.0022472701753536444
i20_new,ew999/r0p9/rec99,0,0.78539816339744828,late,32,0.2167520104242284,0.0022474891003297017
i20_new,ew999/r0p9/rec9,0,0.78539816339744828,late,32,0.26474327926233315,0.0023518050102707445
i20_new,ew999/rstar/cp,0,0.78539816339744828,late,32,0.63600977509899448,0.0043298506175779026
i20_new,ew999/rstar/rec99,0,0.78539816339744828,late,32,0.63600787393365288,0.0043261445513252368
i20_new,ew999/rstar/rec9,0,0.78539816339744828,late,32,0.68399864305245117,0.0043566283672597803
i20_new,oracle_useful/r0p9/cp,0,0.78539816339744828,late,32,0.072947209022407922,0.0011106440788712468
i20_new,oracle_useful/r0p9/rec99,0,0.78539816339744828,late,32,0.072947209022407838,0.0011106440788712453
i20_new,oracle_useful/r0p9/rec9,0,0.78539816339744828,late,32,0.26474327926233315,0.0023518050102707445
i20_new,oracle_useful/rstar/cp,0,0.78539816339744828,late,32,0.17717479475567216,0.0016262272193152058
i20_new,oracle_useful/rstar/rec99,0,0.78539816339744828,late,32,0.17717479475567216,0.0016262272193152056
i20_new,oracle_useful/rstar/rec9,0,0.78539816339744828,late,32,0.36897086499559734,0.002446539662257548
i20_new,oracle_nuisance/r0p9/cp,0,0.78539816339744828,late,32,0.21670732860731931,0.0022520446705224608
i20_new,oracle_nuisance/r0p9/rec99,0,0.78539816339744828,late,32,0.21670732860731939,0.0022520446705224621
i20_new,oracle_nuisance/r0p9/rec9,0,0.78539816339744828,late,32,0.26474327926233315,0.0023518050102707445
i20_new,oracle_nuisance/rstar/cp,0,0.78539816339744828,late,32,0.63578931981859943,0.0043449294246046717
i20_new,oracle_nuisance/rstar/rec99,0,0.78539816339744828,late,32,0.63578931981859932,0.0043449294246046734
i20_new,oracle_nuisance/rstar/rec9,0,0.78539816339744828,late,32,0.68382527047361308,0.0043717311143920412
i20_new,native/r0p9/cp,0.01,0,whole,32,0.66970483888916699,0.013228858471117998
i20_new,native/r0p9/rec99,0.01,0,whole,32,0.66715177806093728,0.013296845238864659
i20_new,native/r0p9/rec9,0.01,0,whole,32,0.31366474586068782,0.0032679447226637392
i20_new,native/rstar/cp,0.01,0,whole,32,1.0798879295964747,0.012575980745691006
i20_new,native/rstar/rec99,0.01,0,whole,32,1.077965821893377,0.012609053594016265
i20_new,native/rstar/rec9,0.01,0,whole,32,0.72378510072513214,0.0043529543127000143
i20_new,full_legacy/r0p9/cp,0.01,0,whole,32,0.66964305623546705,0.013029813206656601
i20_new,full_legacy/r0p9/rec99,0.01,0,whole,32,0.66128327357658012,0.013021803478464737
i20_new,full_legacy/r0p9/rec9,0.01,0,whole,32,0.31366474586068782,0.0032679447226637392
i20_new,full_legacy/rstar/cp,0.01,0,whole,32,1.082595847607827,0.012168942688942929
i20_new,full_legacy/rstar/rec99,0.01,0,whole,32,1.0763161897731628,0.012333824310448235
i20_new,full_legacy/rstar/rec9,0.01,0,whole,32,0.72700200067115417,0.0041151121263885782
i20_new,ew99/r0p9/cp,0.01,0,whole,32,0.67076538698560073,0.013230861213791995
i20_new,ew99/r0p9/rec99,0.01,0,whole,32,0.65958653583652493,0.012945875277973877
i20_new,ew99/r0p9/rec9,0.01,0,whole,32,0.31366474586068782,0.0032679447226637392
i20_new,ew99/rstar/cp,0.01,0,whole,32,1.0863809802756643,0.01237478403105953
i20_new,ew99/rstar/rec99,0.01,0,whole,32,1.0773140124621445,0.012425954597406808
i20_new,ew99/rstar/rec9,0.01,0,whole,32,0.7296939404241386,0.0040438844639729236
i20_new,ew999/r0p9/cp,0.01,0,whole,32,0.67634594278987437,0.013595386003364449
i20_new,ew999/r0p9/rec99,0.01,0,whole,32,0.67347712562408679,0.013505635762890801
i20_new,ew999/r0p9/rec9,0.01,0,whole,32,0.31366474586068782,0.0032679447226637392
i20_new,ew999/rstar/cp,0.01,0,whole,32,1.0905668305589522,0.012749820002944676
i20_new,ew999/rstar/rec99,0.01,0,whole,32,1.0879328451914778,0.012648354171645471
i20_new,ew999/rstar/rec9,0.01,0,whole,32,0.72774797491047294,0.0040140906312461019
i20_new,oracle_useful/r0p9/cp,0.01,0,whole,32,0.15984475664507608,0.014536444620012424
i20_new,oracle_useful/r0p9/rec99,0.01,0,whole,32,0.15984475664507608,0.014536444620012424
i20_new,oracle_useful/r0p9/rec9,0.01,0,whole,32,0.31366474586068782,0.0032679447226637392
i20_new,oracle_useful/rstar/cp,0.01,0,whole,32,0.2317621201275718,0.014528317968525908
i20_new,oracle_useful/rstar/rec99,0.01,0,whole,32,0.2317621201275718,0.014528317968525908
i20_new,oracle_useful/rstar/rec9,0.01,0,whole,32,0.38558210934318349,0.0031950612724768409
i20_new,oracle_nuisance/r0p9/cp,0.01,0,whole,32,0.69048008955649331,0.014043991482964374
i20_new,oracle_nuisance/r0p9/rec99,0.01,0,whole,32,0.69048008955649331,0.014043991482964374
i20_new,oracle_nuisance/r0p9/rec9,0.01,0,whole,32,0.31366474586068782,0.0032679447226637392
i20_new,oracle_nuisance/rstar/cp,0.01,0,whole,32,1.1067278984201931,0.0134094370685638
i20_new,oracle_nuisance/rstar/rec99,0.01,0,whole,32,1.1067278984201931,0.0134094370685638
i20_new,oracle_nuisance/rstar/rec9,0.01,0,whole,32,0.72991255472438787,0.0041937231599367252
i20_new,native/r0p9/cp,0.01,0,startup,32,0.8407292851493493,0.098330088221038489
i20_new,native/r0p9/rec99,0.01,0,startup,32,0.85904116001898845,0.10067879899673923
i20_new,native/r0p9/rec9,0.01,0,startup,32,0.52565589843671923,0.061144961525572784
i20_new,native/rstar/cp,0.01,0,startup,32,1.0062150248798369,0.093379571236259562
i20_new,native/rstar/rec99,0.01,0,startup,32,1.0233452367044831,0.090911091858873055
i20_new,native/rstar/rec9,0.01,0,startup,32,0.6887841432966606,0.037877106768545873
i20_new,full_legacy/r0p9/cp,0.01,0,startup,32,0.84941901939648989,0.096005747263447475
i20_new,full_legacy/r0p9/rec99,0.01,0,startup,32,0.85504238583485803,0.099165882731380717
i20_new,full_legacy/r0p9/rec9,0.01,0,startup,32,0.52565589843671923,0.061144961525572784
i20_new,full_legacy/rstar/cp,0.01,0,startup,32,1.0246320642864348,0.090316880003216485
i20_new,full_legacy/rstar/rec99,0.01,0,startup,32,1.0353562904979672,0.089547525028153857
i20_new,full_legacy/rstar/rec9,0.01,0,startup,32,0.69726762754492155,0.03770599265604882
i20_new,ew99/r0p9/cp,0.01,0,startup,32,0.85047689904903434,0.079680763881605929
i20_new,ew99/r0p9/rec99,0.01,0,startup,32,0.75023102930643659,0.076755262948635675
i20_new,ew99/r0p9/rec9,0.01,0,startup,32,0.52565589843671923,0.061144961525572784
i20_new,ew99/rstar/cp,0.01,0,startup,32,1.0932979512084082,0.073363156761769729
i20_new,ew99/rstar/rec99,0.01,0,startup,32,0.97252823359324725,0.060340512070723079
i20_new,ew99/rstar/rec9,0.01,0,startup,32,0.76583073550829273,0.034223748169002158
i20_new,ew999/r0p9/cp,0.01,0,startup,32,0.85386817298890882,0.080935762525439853
i20_new,ew999/r0p9/rec99,0.01,0,startup,32,0.7576077247959957,0.077453745104182473
i20_new,ew999/r0p9/rec9,0.01,0,startup,32,0.52565589843671923,0.061144961525572784
i20_new,ew999/rstar/cp,0.01,0,startup,32,1.0956488120670489,0.075325607955465251
i20_new,ew999/rstar/rec99,0.01,0,startup,32,0.97761243984141943,0.061806744159237238
i20_new,ew999/rstar/rec9,0.01,0,startup,32,0.76412903068485005,0.034424418365664358
i20_new,oracle_useful/r0p9/cp,0.01,0,startup,32,1.672896949841677,0.50738709982579722
i20_new,oracle_useful/r0p9/rec99,0.01,0,startup,32,1.672896949841677,0.50738709982579722
i20_new,oracle_useful/r0p9/rec9,0.01,0,startup,32,0.52565589843671923,0.061144961525572784
i20_new,oracle_useful/rstar/cp,0.01,0,startup,32,1.6967712445984193,0.50849986346438358
i20_new,oracle_useful/rstar/rec99,0.01,0,startup,32,1.6967712445984193,0.50849986346438369
i20_new,oracle_useful/rstar/rec9,0.01,0,startup,32,0.54953019319346152,0.061023946857214205
i20_new,oracle_nuisance/r0p9/cp,0.01,0,startup,32,1.2958260393367971,0.15693764391478998
i20_new,oracle_nuisance/r0p9/rec99,0.01,0,startup,32,1.2958260393367971,0.15693764391478998
i20_new,oracle_nuisance/r0p9/rec9,0.01,0,startup,32,0.52565589843671923,0.061144961525572784
i20_new,oracle_nuisance/rstar/cp,0.01,0,startup,32,1.6013151198841156,0.15481089240220378
i20_new,oracle_nuisance/rstar/rec99,0.01,0,startup,32,1.6013151198841156,0.15481089240220375
i20_new,oracle_nuisance/rstar/rec9,0.01,0,startup,32,0.83114497898403761,0.036190094374532751
i20_new,native/r0p9/cp,0.01,0,transition,32,0.64240852487428235,0.033315873155336517
i20_new,native/r0p9/rec99,0.01,0,transition,32,0.64309049180707389,0.033965723407632653
i20_new,native/r0p9/rec9,0.01,0,transition,32,0.31434685491158054,0.005923581611621466
i20_new,native/rstar/cp,0.01,0,transition,32,1.0468184930114108,0.033296366573047798
i20_new,native/rstar/rec99,0.01,0,transition,32,1.049380007465825,0.034566963511435532
i20_new,native/rstar/rec9,0.01,0,transition,32,0.71843923975776358,0.0080818648164172457
i20_new,full_legacy/r0p9/cp,0.01,0,transition,32,0.65402111851413403,0.03306262632682952
i20_new,full_legacy/r0p9/rec99,0.01,0,transition,32,0.65396531966084237,0.034127737338856386
i20_new,full_legacy/r0p9/rec9,0.01,0,transition,32,0.31434685491158054,0.005923581611621466
i20_new,full_legacy/rstar/cp,0.01,0,transition,32,1.0697127373493998,0.032632058051843882
i20_new,full_legacy/rstar/rec99,0.01,0,transition,32,1.0764660996972726,0.035062690931835026
i20_new,full_legacy/rstar/rec9,0.01,0,transition,32,0.73000173200951335,0.0083274033156814399
i20_new,ew99/r0p9/cp,0.01,0,transition,32,0.65889195226170283,0.032995843219710573
i20_new,ew99/r0p9/rec99,0.01,0,transition,32,0.6580695388802924,0.034150979984987166
i20_new,ew99/r0p9/rec9,0.01,0,transition,32,0.31434685491158054,0.005923581611621466
i20_new,ew99/rstar/cp,0.01,0,transition,32,1.0789061905470589,0.032960695748291538
i20_new,ew99/rstar/rec99,0.01,0,transition,32,1.0878814498608063,0.036351841927676654
i20_new,ew99/rstar/rec9,0.01,0,transition,32,0.73434773930831843,0.0085782135201827765
i20_new,ew999/r0p9/cp,0.01,0,transition,32,0.66200687240403144,0.034034687184320608
i20_new,ew999/r0p9/rec99,0.01,0,transition,32,0.66184344791650229,0.03444732830356094
i20_new,ew999/r0p9/rec9,0.01,0,transition,32,0.31434685491158054,0.005923581611621466
i20_new,ew999/rstar/cp,0.01,0,transition,32,1.0789304341323773,0.033854199903315438
i20_new,ew999/rstar/rec99,0.01,0,transition,32,1.0822800996938831,0.034870899853042148
i20_new,ew999/rstar/rec9,0.01,0,transition,32,0.73107743171882977,0.0084869296333620562
i20_new,oracle_useful/r0p9/cp,0.01,0,transition,32,0.14255146459695037,0.0083285613516925275
i20_new,oracle_useful/r0p9/rec99,0.01,0,transition,32,0.14255146459695034,0.0083285613516925292
i20_new,oracle_useful/r0p9/rec9,0.01,0,transition,32,0.31434685491158054,0.005923581611621466
i20_new,oracle_useful/rstar/cp,0.01,0,transition,32,0.2140805154209153,0.0082629971381898114
i20_new,oracle_useful/rstar/rec99,0.01,0,transition,32,0.2140805154209153,0.0082629971381898131
i20_new,oracle_useful/rstar/rec9,0.01,0,transition,32,0.38587590573554553,0.005554837898131877
i20_new,oracle_nuisance/r0p9/cp,0.01,0,transition,32,0.67336631715137463,0.033790725638328571
i20_new,oracle_nuisance/r0p9/rec99,0.01,0,transition,32,0.67336631715137463,0.033790725638328564
i20_new,oracle_nuisance/r0p9/rec9,0.01,0,transition,32,0.31434685491158054,0.005923581611621466
i20_new,oracle_nuisance/rstar/cp,0.01,0,transition,32,1.0924733768916286,0.033573627702207044
i20_new,oracle_nuisance/rstar/rec99,0.01,0,transition,32,1.0924733768916286,0.03357362770220703
i20_new,oracle_nuisance/rstar/rec9,0.01,0,transition,32,0.73345391465183463,0.0084977782728722535
i20_new,native/r0p9/cp,0.01,0,late,32,0.67219291821829308,0.016050469670460157
i20_new,native/r0p9/rec99,0.01,0,late,32,0.66797385120516117,0.015947649041285393
i20_new,native/r0p9/rec9,0.01,0,late,32,0.30639374139288555,0.0025548103679456898
i20_new,native/rstar/cp,0.01,0,late,32,1.0922645240625481,0.015789701242022756
i20_new,native/rstar/rec99,0.01,0,late,32,1.0883622523946057,0.015791129053379337
i20_new,native/rstar/rec9,0.01,0,late,32,0.72655555759629176,0.0043576785691987977
i20_new,full_legacy/r0p9/cp,0.01,0,late,32,0.66833710544649949,0.015768216380381891
i20_new,full_legacy/r0p9/rec99,0.01,0,late,32,0.65702002267602544,0.014954352880478307
i20_new,full_legacy/r0p9/rec9,0.01,0,late,32,0.30639374139288555,0.0025548103679456898
i20_new,full_legacy/rstar/cp,0.01,0,late,32,1.0883929067960687,0.015489613561290503
i20_new,full_legacy/rstar/rec99,0.01,0,late,32,1.0776365467717695,0.014938241744969645
i20_new,full_legacy/rstar/rec9,0.01,0,late,32,0.72709322704052104,0.0043572333098559606
i20_new,ew99/r0p9/cp,0.01,0,late,32,0.66833703366732244,0.015768224073979386
i20_new,ew99/r0p9/rec99,0.01,0,late,32,0.65702015180773099,0.014954418349041237
i20_new,ew99/r0p9/rec9,0.01,0,late,32,0.30639374139288555,0.0025548103679456898
i20_new,ew99/rstar/cp,0.01,0,late,32,1.0883928514964878,0.015489625871751716
i20_new,ew99/rstar/rec99,0.01,0,late,32,1.0776366405381761,0.014938337340337697
i20_new,ew99/rstar/rec9,0.01,0,late,32,0.72709324092274619,0.0043572411945731714
i20_new,ew999/r0p9/cp,0.01,0,late,32,0.67473025623232596,0.016183440932393944
i20_new,ew999/r0p9/rec99,0.01,0,late,32,0.67416287563063193,0.016181052496884923
i20_new,ew999/r0p9/rec9,0.01,0,late,32,0.30639374139288555,0.0025548103679456898
i20_new,ew999/rstar/cp,0.01,0,late,32,1.0938883501033214,0.015938040571984655
i20_new,ew999/rstar/rec99,0.01,0,late,32,1.0933060156857581,0.015953029420473351
i20_new,ew999/rstar/rec9,0.01,0,late,32,0.72553643600882001,0.0043523244273325438
i20_new,oracle_useful/r0p9/cp,0.01,0,late,32,0.11459767115296041,0.0016572470620205477
i20_new,oracle_useful/r0p9/rec99,0.01,0,late,32,0.11459767115296041,0.0016572470620205479
i20_new,oracle_useful/r0p9/rec9,0.01,0,late,32,0.30639374139288555,0.0025548103679456898
i20_new,oracle_useful/rstar/cp,0.01,0,late,32,0.18823296405720719,0.001723935547876216
i20_new,oracle_useful/rstar/rec99,0.01,0,late,32,0.18823296405720719,0.0017239355478762151
i20_new,oracle_useful/rstar/rec9,0.01,0,late,32,0.38002903429713236,0.0025358542252343149
i20_new,oracle_nuisance/r0p9/cp,0.01,0,late,32,0.67543602295201866,0.016189266856503921
i20_new,oracle_nuisance/r0p9/rec99,0.01,0,late,32,0.67543602295201866,0.016189266856503928
i20_new,oracle_nuisance/r0p9/rec9,0.01,0,late,32,0.30639374139288555,0.0025548103679456898
i20_new,oracle_nuisance/rstar/cp,0.01,0,late,32,1.0945180141632986,0.01594693915776119
i20_new,oracle_nuisance/rstar/rec99,0.01,0,late,32,1.0945180141632986,0.0159469391577612
i20_new,oracle_nuisance/rstar/rec9,0.01,0,late,32,0.72547573260416542,0.0043614282527203825
i20_new,native/r0p9/cp,0.01,0.78539816339744828,whole,32,0.6697048388891671,0.013228858471118005
i20_new,native/r0p9/rec99,0.01,0.78539816339744828,whole,32,0.66715177806093728,0.013296845238864676
i20_new,native/r0p9/rec9,0.01,0.78539816339744828,whole,32,0.31366474586068782,0.0032679447226637392
i20_new,native/rstar/cp,0.01,0.78539816339744828,whole,32,1.0798879295964747,0.012575980745691018
i20_new,native/rstar/rec99,0.01,0.78539816339744828,whole,32,1.0779658218933772,0.012609053594016277
i20_new,native/rstar/rec9,0.01,0.78539816339744828,whole,32,0.72378510072513214,0.0043529543127000178
i20_new,full_legacy/r0p9/cp,0.01,0.78539816339744828,whole,32,0.66964305623546705,0.013029813206656601
i20_new,full_legacy/r0p9/rec99,0.01,0.78539816339744828,whole,32,0.66128327357658012,0.01302180347846474
i20_new,full_legacy/r0p9/rec9,0.01,0.78539816339744828,whole,32,0.31366474586068782,0.0032679447226637392
i20_new,full_legacy/rstar/cp,0.01,0.78539816339744828,whole,32,1.0825958476078275,0.012168942688942926
i20_new,full_legacy/rstar/rec99,0.01,0.78539816339744828,whole,32,1.0763161897731623,0.012333824310448202
i20_new,full_legacy/rstar/rec9,0.01,0.78539816339744828,whole,32,0.72700200067115417,0.0041151121263885773
i20_new,ew99/r0p9/cp,0.01,0.78539816339744828,whole,32,0.67076538698560095,0.013230861213792001
i20_new,ew99/r0p9/rec99,0.01,0.78539816339744828,whole,32,0.65958653583652493,0.012945875277973877
i20_new,ew99/r0p9/rec9,0.01,0.78539816339744828,whole,32,0.31366474586068782,0.0032679447226637392
i20_new,ew99/rstar/cp,0.01,0.78539816339744828,whole,32,1.0863809802756643,0.012374784031059535
i20_new,ew99/rstar/rec99,0.01,0.78539816339744828,whole,32,1.0773140124621445,0.012425954597406792
i20_new,ew99/rstar/rec9,0.01,0.78539816339744828,whole,32,0.72969394042413849,0.0040438844639729202
i20_new,ew999/r0p9/cp,0.01,0.78539816339744828,whole,32,0.67634594278987437,0.013595386003364454
i20_new,ew999/r0p9/rec99,0.01,0.78539816339744828,whole,32,0.6734771256240869,0.013505635762890805
i20_new,ew999/r0p9/rec9,0.01,0.78539816339744828,whole,32,0.31366474586068782,0.0032679447226637392
i20_new,ew999/rstar/cp,0.01,0.78539816339744828,whole,32,1.0905668305589522,0.012749820002944683
i20_new,ew999/rstar/rec99,0.01,0.78539816339744828,whole,32,1.0879328451914776,0.012648354171645478
i20_new,ew999/rstar/rec9,0.01,0.78539816339744828,whole,32,0.72774797491047283,0.0040140906312461002
i20_new,oracle_useful/r0p9/cp,0.01,0.78539816339744828,whole,32,0.15984475664507608,0.014536444620012429
i20_new,oracle_useful/r0p9/rec99,0.01,0.78539816339744828,whole,32,0.15984475664507614,0.014536444620012506
i20_new,oracle_useful/r0p9/rec9,0.01,0.78539816339744828,whole,32,0.31366474586068782,0.0032679447226637392
i20_new,oracle_useful/rstar/cp,0.01,0.78539816339744828,whole,32,0.2317621201275718,0.01452831796852592
i20_new,oracle_useful/rstar/rec99,0.01,0.78539816339744828,whole,32,0.2317621201275718,0.014528317968525918
i20_new,oracle_useful/rstar/rec9,0.01,0.78539816339744828,whole,32,0.38558210934318349,0.0031950612724768379
i20_new,oracle_nuisance/r0p9/cp,0.01,0.78539816339744828,whole,32,0.69048008955649309,0.014043991482964381
i20_new,oracle_nuisance/r0p9/rec99,0.01,0.78539816339744828,whole,32,0.69048008955649554,0.014043991482964469
i20_new,oracle_nuisance/r0p9/rec9,0.01,0.78539816339744828,whole,32,0.31366474586068782,0.0032679447226637392
i20_new,oracle_nuisance/rstar/cp,0.01,0.78539816339744828,whole,32,1.1067278984201931,0.013409437068563805
i20_new,oracle_nuisance/rstar/rec99,0.01,0.78539816339744828,whole,32,1.1067278984201931,0.013409437068563798
i20_new,oracle_nuisance/rstar/rec9,0.01,0.78539816339744828,whole,32,0.72991255472438787,0.0041937231599367235
i20_new,native/r0p9/cp,0.01,0.78539816339744828,startup,32,0.84072928514934953,0.098330088221038503
i20_new,native/r0p9/rec99,0.01,0.78539816339744828,startup,32,0.85904116001898823,0.10067879899673919
i20_new,native/r0p9/rec9,0.01,0.78539816339744828,startup,32,0.52565589843671923,0.061144961525572784
i20_new,native/rstar/cp,0.01,0.78539816339744828,startup,32,1.0062150248798372,0.093379571236259618
i20_new,native/rstar/rec99,0.01,0.78539816339744828,startup,32,1.0233452367044831,0.090911091858873055
i20_new,native/rstar/rec9,0.01,0.78539816339744828,startup,32,0.68878414329666049,0.03787710676854588
i20_new,full_legacy/r0p9/cp,0.01,0.78539816339744828,startup,32,0.84941901939648989,0.096005747263447475
i20_new,full_legacy/r0p9/rec99,0.01,0.78539816339744828,startup,32,0.85504238583485837,0.099165882731380786
i20_new,full_legacy/r0p9/rec9,0.01,0.78539816339744828,startup,32,0.52565589843671923,0.061144961525572784
i20_new,full_legacy/rstar/cp,0.01,0.78539816339744828,startup,32,1.0246320642864344,0.090316880003216499
i20_new,full_legacy/rstar/rec99,0.01,0.78539816339744828,startup,32,1.0353562904979672,0.089547525028153857
i20_new,full_legacy/rstar/rec9,0.01,0.78539816339744828,startup,32,0.69726762754492155,0.037705992656048827
i20_new,ew99/r0p9/cp,0.01,0.78539816339744828,startup,32,0.85047689904903434,0.079680763881605915
i20_new,ew99/r0p9/rec99,0.01,0.78539816339744828,startup,32,0.75023102930643648,0.076755262948635675
i20_new,ew99/r0p9/rec9,0.01,0.78539816339744828,startup,32,0.52565589843671923,0.061144961525572784
i20_new,ew99/rstar/cp,0.01,0.78539816339744828,startup,32,1.0932979512084082,0.073363156761769729
i20_new,ew99/rstar/rec99,0.01,0.78539816339744828,startup,32,0.97252823359324725,0.060340512070723121
i20_new,ew99/rstar/rec9,0.01,0.78539816339744828,startup,32,0.76583073550829261,0.034223748169002172
i20_new,ew999/r0p9/cp,0.01,0.78539816339744828,startup,32,0.85386817298890882,0.080935762525439894
i20_new,ew999/r0p9/rec99,0.01,0.78539816339744828,startup,32,0.7576077247959957,0.077453745104182473
i20_new,ew999/r0p9/rec9,0.01,0.78539816339744828,startup,32,0.52565589843671923,0.061144961525572784
i20_new,ew999/rstar/cp,0.01,0.78539816339744828,startup,32,1.0956488120670489,0.075325607955465237
i20_new,ew999/rstar/rec99,0.01,0.78539816339744828,startup,32,0.97761243984141921,0.06180674415923721
i20_new,ew999/rstar/rec9,0.01,0.78539816339744828,startup,32,0.76412903068484983,0.034424418365664337
i20_new,oracle_useful/r0p9/cp,0.01,0.78539816339744828,startup,32,1.6728969498416779,0.50738709982579766
i20_new,oracle_useful/r0p9/rec99,0.01,0.78539816339744828,startup,32,1.6728969498416824,0.5073870998257991
i20_new,oracle_useful/r0p9/rec9,0.01,0.78539816339744828,startup,32,0.52565589843671923,0.061144961525572784
i20_new,oracle_useful/rstar/cp,0.01,0.78539816339744828,startup,32,1.69677124459842,0.50849986346438425
i20_new,oracle_useful/rstar/rec99,0.01,0.78539816339744828,startup,32,1.69677124459842,0.50849986346438414
i20_new,oracle_useful/rstar/rec9,0.01,0.78539816339744828,startup,32,0.54953019319346152,0.061023946857214191
i20_new,oracle_nuisance/r0p9/cp,0.01,0.78539816339744828,startup,32,1.2958260393367969,0.15693764391479004
i20_new,oracle_nuisance/r0p9/rec99,0.01,0.78539816339744828,startup,32,1.2958260393368002,0.15693764391479054
i20_new,oracle_nuisance/r0p9/rec9,0.01,0.78539816339744828,startup,32,0.52565589843671923,0.061144961525572784
i20_new,oracle_nuisance/rstar/cp,0.01,0.78539816339744828,startup,32,1.6013151198841156,0.15481089240220383
i20_new,oracle_nuisance/rstar/rec99,0.01,0.78539816339744828,startup,32,1.6013151198841156,0.15481089240220389
i20_new,oracle_nuisance/rstar/rec9,0.01,0.78539816339744828,startup,32,0.8311449789840375,0.036190094374532751
i20_new,native/r0p9/cp,0.01,0.78539816339744828,transition,32,0.64240852487428257,0.033315873155336503
i20_new,native/r0p9/rec99,0.01,0.78539816339744828,transition,32,0.64309049180707367,0.033965723407632688
i20_new,native/r0p9/rec9,0.01,0.78539816339744828,transition,32,0.31434685491158054,0.005923581611621466
i20_new,native/rstar/cp,0.01,0.78539816339744828,transition,32,1.0468184930114111,0.033296366573047798
i20_new,native/rstar/rec99,0.01,0.78539816339744828,transition,32,1.049380007465825,0.034566963511435546
i20_new,native/rstar/rec9,0.01,0.78539816339744828,transition,32,0.71843923975776347,0.0080818648164172405
i20_new,full_legacy/r0p9/cp,0.01,0.78539816339744828,transition,32,0.65402111851413414,0.03306262632682952
i20_new,full_legacy/r0p9/rec99,0.01,0.78539816339744828,transition,32,0.65396531966084237,0.034127737338856413
i20_new,full_legacy/r0p9/rec9,0.01,0.78539816339744828,transition,32,0.31434685491158054,0.005923581611621466
i20_new,full_legacy/rstar/cp,0.01,0.78539816339744828,transition,32,1.0697127373493998,0.032632058051843875
i20_new,full_legacy/rstar/rec99,0.01,0.78539816339744828,transition,32,1.0764660996972724,0.035062690931835033
i20_new,full_legacy/rstar/rec9,0.01,0.78539816339744828,transition,32,0.73000173200951335,0.0083274033156814399
i20_new,ew99/r0p9/cp,0.01,0.78539816339744828,transition,32,0.65889195226170294,0.03299584321971058
i20_new,ew99/r0p9/rec99,0.01,0.78539816339744828,transition,32,0.65806953888029251,0.03415097998498718
i20_new,ew99/r0p9/rec9,0.01,0.78539816339744828,transition,32,0.31434685491158054,0.005923581611621466
i20_new,ew99/rstar/cp,0.01,0.78539816339744828,transition,32,1.0789061905470592,0.032960695748291538
i20_new,ew99/rstar/rec99,0.01,0.78539816339744828,transition,32,1.0878814498608063,0.03635184192767664
i20_new,ew99/rstar/rec9,0.01,0.78539816339744828,transition,32,0.7343477393083182,0.0085782135201827748
i20_new,ew999/r0p9/cp,0.01,0.78539816339744828,transition,32,0.66200687240403155,0.034034687184320601
i20_new,ew999/r0p9/rec99,0.01,0.78539816339744828,transition,32,0.66184344791650251,0.034447328303560933
i20_new,ew999/r0p9/rec9,0.01,0.78539816339744828,transition,32,0.31434685491158054,0.005923581611621466
i20_new,ew999/rstar/cp,0.01,0.78539816339744828,transition,32,1.0789304341323775,0.033854199903315438
i20_new,ew999/rstar/rec99,0.01,0.78539816339744828,transition,32,1.0822800996938831,0.034870899853042168
i20_new,ew999/rstar/rec9,0.01,0.78539816339744828,transition,32,0.73107743171882977,0.0084869296333620579
i20_new,oracle_useful/r0p9/cp,0.01,0.78539816339744828,transition,32,0.14255146459695034,0.008328561351692531
i20_new,oracle_useful/r0p9/rec99,0.01,0.78539816339744828,transition,32,0.14255146459695062,0.0083285613516926437
i20_new,oracle_useful/r0p9/rec9,0.01,0.78539816339744828,transition,32,0.31434685491158054,0.005923581611621466
i20_new,oracle_useful/rstar/cp,0.01,0.78539816339744828,transition,32,0.21408051542091533,0.0082629971381898201
i20_new,oracle_useful/rstar/rec99,0.01,0.78539816339744828,transition,32,0.2140805154209153,0.0082629971381898183
i20_new,oracle_useful/rstar/rec9,0.01,0.78539816339744828,transition,32,0.38587590573554548,0.0055548378981318787
i20_new,oracle_nuisance/r0p9/cp,0.01,0.78539816339744828,transition,32,0.67336631715137452,0.033790725638328571
i20_new,oracle_nuisance/r0p9/rec99,0.01,0.78539816339744828,transition,32,0.67336631715137685,0.033790725638328765
i20_new,oracle_nuisance/r0p9/rec9,0.01,0.78539816339744828,transition,32,0.31434685491158054,0.005923581611621466
i20_new,oracle_nuisance/rstar/cp,0.01,0.78539816339744828,transition,32,1.0924733768916286,0.033573627702207037
i20_new,oracle_nuisance/rstar/rec99,0.01,0.78539816339744828,transition,32,1.0924733768916288,0.033573627702207051
i20_new,oracle_nuisance/rstar/rec9,0.01,0.78539816339744828,transition,32,0.73345391465183452,0.0084977782728722535
i20_new,native/r0p9/cp,0.01,0.78539816339744828,late,32,0.67219291821829308,0.016050469670460178
i20_new,native/r0p9/rec99,0.01,0.78539816339744828,late,32,0.6679738512051614,0.015947649041285435
i20_new,native/r0p9/rec9,0.01,0.78539816339744828,late,32,0.30639374139288555,0.0025548103679456876
i20_new,native/rstar/cp,0.01,0.78539816339744828,late,32,1.0922645240625484,0.01578970124202277
i20_new,native/rstar/rec99,0.01,0.78539816339744828,late,32,1.0883622523946059,0.01579112905337934
i20_new,native/rstar/rec9,0.01,0.78539816339744828,late,32,0.72655555759629165,0.0043576785691987951
i20_new,full_legacy/r0p9/cp,0.01,0.78539816339744828,late,32,0.66833710544649949,0.015768216380381905
i20_new,full_legacy/r0p9/rec99,0.01,0.78539816339744828,late,32,0.65702002267602555,0.014954352880478323
i20_new,full_legacy/r0p9/rec9,0.01,0.78539816339744828,late,32,0.30639374139288555,0.0025548103679456876
i20_new,full_legacy/rstar/cp,0.01,0.78539816339744828,late,32,1.0883929067960687,0.01548961356129051
i20_new,full_legacy/rstar/rec99,0.01,0.78539816339744828,late,32,1.0776365467717692,0.014938241744969612
i20_new,full_legacy/rstar/rec9,0.01,0.78539816339744828,late,32,0.72709322704052104,0.0043572333098559615
i20_new,ew99/r0p9/cp,0.01,0.78539816339744828,late,32,0.66833703366732244,0.015768224073979403
i20_new,ew99/r0p9/rec99,0.01,0.78539816339744828,late,32,0.65702015180773099,0.014954418349041211
i20_new,ew99/r0p9/rec9,0.01,0.78539816339744828,late,32,0.30639374139288555,0.0025548103679456876
i20_new,ew99/rstar/cp,0.01,0.78539816339744828,late,32,1.0883928514964878,0.015489625871751728
i20_new,ew99/rstar/rec99,0.01,0.78539816339744828,late,32,1.0776366405381759,0.014938337340337672
i20_new,ew99/rstar/rec9,0.01,0.78539816339744828,late,32,0.72709324092274619,0.0043572411945731731
i20_new,ew999/r0p9/cp,0.01,0.78539816339744828,late,32,0.67473025623232596,0.016183440932393964
i20_new,ew999/r0p9/rec99,0.01,0.78539816339744828,late,32,0.67416287563063193,0.016181052496884923
i20_new,ew999/r0p9/rec9,0.01,0.78539816339744828,late,32,0.30639374139288555,0.0025548103679456876
i20_new,ew999/rstar/cp,0.01,0.78539816339744828,late,32,1.0938883501033214,0.015938040571984675
i20_new,ew999/rstar/rec99,0.01,0.78539816339744828,late,32,1.0933060156857577,0.015953029420473337
i20_new,ew999/rstar/rec9,0.01,0.78539816339744828,late,32,0.7255364360088199,0.0043523244273325438
i20_new,oracle_useful/r0p9/cp,0.01,0.78539816339744828,late,32,0.11459767115296038,0.0016572470620205434
i20_new,oracle_useful/r0p9/rec99,0.01,0.78539816339744828,late,32,0.11459767115296027,0.0016572470620205436
i20_new,oracle_useful/r0p9/rec9,0.01,0.78539816339744828,late,32,0.30639374139288555,0.0025548103679456876
i20_new,oracle_useful/rstar/cp,0.01,0.78539816339744828,late,32,0.18823296405720713,0.0017239355478762077
i20_new,oracle_useful/rstar/rec99,0.01,0.78539816339744828,late,32,0.18823296405720716,0.0017239355478762127
i20_new,oracle_useful/rstar/rec9,0.01,0.78539816339744828,late,32,0.38002903429713231,0.0025358542252343144
i20_new,oracle_nuisance/r0p9/cp,0.01,0.78539816339744828,late,32,0.67543602295201866,0.016189266856503952
i20_new,oracle_nuisance/r0p9/rec99,0.01,0.78539816339744828,late,32,0.6754360229520211,0.01618926685650407
i20_new,oracle_nuisance/r0p9/rec9,0.01,0.78539816339744828,late,32,0.30639374139288555,0.0025548103679456876
i20_new,oracle_nuisance/rstar/cp,0.01,0.78539816339744828,late,32,1.0945180141632986,0.015946939157761207
i20_new,oracle_nuisance/rstar/rec99,0.01,0.78539816339744828,late,32,1.0945180141632986,0.0159469391577612
i20_new,oracle_nuisance/rstar/rec9,0.01,0.78539816339744828,late,32,0.72547573260416542,0.0043614282527203807
i20_new,native/r0p9/cp,0.10000000000000001,0,whole,32,1.4513435835945803,0.10270371325005968
i20_new,native/r0p9/rec99,0.10000000000000001,0,whole,32,1.6935922024596661,0.10832794601152086
i20_new,native/r0p9/rec9,0.10000000000000001,0,whole,32,0.69423351489058494,0.0067777157458634016
i20_new,native/rstar/cp,0.10000000000000001,0,whole,32,1.4277464612043942,0.1261739664094097
i20_new,native/rstar/rec99,0.10000000000000001,0,whole,32,1.7577366779760482,0.13268409691154257
i20_new,native/rstar/rec9,0.10000000000000001,0,whole,32,0.6787553501363659,0.023472551815114422
i20_new,full_legacy/r0p9/cp,0.10000000000000001,0,whole,32,1.3370203325052052,0.033223247558086061
i20_new,full_legacy/r0p9/rec99,0.10000000000000001,0,whole,32,1.5424231932182595,0.039136244298952204
i20_new,full_legacy/r0p9/rec9,0.10000000000000001,0,whole,32,0.69423351489058494,0.0067777157458634016
i20_new,full_legacy/rstar/cp,0.10000000000000001,0,whole,32,1.3377402981910178,0.042609209551912094
i20_new,full_legacy/rstar/rec99,0.10000000000000001,0,whole,32,1.7997451950850591,0.053775478798669139
i20_new,full_legacy/rstar/rec9,0.10000000000000001,0,whole,32,0.74912576402651709,0.010609490017311264
i20_new,ew99/r0p9/cp,0.10000000000000001,0,whole,32,1.3105117089691936,0.027975734160834254
i20_new,ew99/r0p9/rec99,0.10000000000000001,0,whole,32,1.5325155759686648,0.035805361852050861
i20_new,ew99/r0p9/rec9,0.10000000000000001,0,whole,32,0.69423351489058494,0.0067777157458634016
i20_new,ew99/rstar/cp,0.10000000000000001,0,whole,32,1.310136969503825,0.037576049649285112
i20_new,ew99/rstar/rec99,0.10000000000000001,0,whole,32,1.7959219579090884,0.051274331201270666
i20_new,ew99/rstar/rec9,0.10000000000000001,0,whole,32,0.74957829865020109,0.010139074776317916
i20_new,ew999/r0p9/cp,0.10000000000000001,0,whole,32,1.0714015034051634,0.07894322127824073
i20_new,ew999/r0p9/rec99,0.10000000000000001,0,whole,32,1.2124589854668639,0.083250255711905058
i20_new,ew999/r0p9/rec9,0.10000000000000001,0,whole,32,0.69423351489058494,0.0067777157458634016
i20_new,ew999/rstar/cp,0.10000000000000001,0,whole,32,0.98506522902080973,0.10171276400646294
i20_new,ew999/rstar/rec99,0.10000000000000001,0,whole,32,1.2138441568824461,0.10686982492460914
i20_new,ew999/rstar/rec9,0.10000000000000001,0,whole,32,0.62073663385073607,0.02079968016860128
i20_new,oracle_useful/r0p9/cp,0.10000000000000001,0,whole,32,0.54041352567497314,0.015555124194705772
i20_new,oracle_useful/r0p9/rec99,0.10000000000000001,0,whole,32,0.54041352567497314,0.015555124194705776
i20_new,oracle_useful/r0p9/rec9,0.10000000000000001,0,whole,32,0.69423351489058494,0.0067777157458634016
i20_new,oracle_useful/rstar/cp,0.10000000000000001,0,whole,32,0.33424731841456662,0.014658753191631861
i20_new,oracle_useful/rstar/rec99,0.10000000000000001,0,whole,32,0.33424731841456662,0.014658753191631865
i20_new,oracle_useful/rstar/rec9,0.10000000000000001,0,whole,32,0.48806730763017836,0.0035756972242901208
i20_new,oracle_nuisance/r0p9/cp,0.10000000000000001,0,whole,32,4.7341809593967286,0.12993484520076121
i20_new,oracle_nuisance/r0p9/rec99,0.10000000000000001,0,whole,32,4.7341809593967286,0.12993484520076123
i20_new,oracle_nuisance/r0p9/rec9,0.10000000000000001,0,whole,32,0.69423351489058494,0.0067777157458634016
i20_new,oracle_nuisance/rstar/cp,0.10000000000000001,0,whole,32,5.1504287682604284,0.1288725799884595
i20_new,oracle_nuisance/rstar/rec99,0.10000000000000001,0,whole,32,5.1504287682604293,0.12887257998845952
i20_new,oracle_nuisance/rstar/rec9,0.10000000000000001,0,whole,32,1.110481323754285,0.0066660257313626552
i20_new,native/r0p9/cp,0.10000000000000001,0,startup,32,2.106321957028173,0.27879521769123145
i20_new,native/r0p9/rec99,0.10000000000000001,0,startup,32,2.2738854704501303,0.31215361893291943
i20_new,native/r0p9/rec9,0.10000000000000001,0,startup,32,0.90122995873790934,0.068381334175362476
i20_new,native/rstar/cp,0.10000000000000001,0,startup,32,2.0995386615418044,0.28052642029414498
i20_new,native/rstar/rec99,0.10000000000000001,0,startup,32,2.2898948506316907,0.31159875135067922
i20_new,native/rstar/rec9,0.10000000000000001,0,startup,32,0.89851706176986301,0.049563218961609749
i20_new,full_legacy/r0p9/cp,0.10000000000000001,0,startup,32,2.0439144231812238,0.26867141424822405
i20_new,full_legacy/r0p9/rec99,0.10000000000000001,0,startup,32,2.2349660399567046,0.29926714509235225
i20_new,full_legacy/r0p9/rec9,0.10000000000000001,0,startup,32,0.90122995873790934,0.068381334175362476
i20_new,full_legacy/rstar/cp,0.10000000000000001,0,startup,32,2.0336929882817767,0.26819452322992782
i20_new,full_legacy/rstar/rec99,0.10000000000000001,0,startup,32,2.2562190046460198,0.29915187105314561
i20_new,full_legacy/rstar/rec9,0.10000000000000001,0,startup,32,0.89955436031408031,0.048076292363070053
i20_new,ew99/r0p9/cp,0.10000000000000001,0,startup,32,1.6440142268104931,0.13824144918041439
i20_new,ew99/r0p9/rec99,0.10000000000000001,0,startup,32,2.0678450588307493,0.24164027053136927
i20_new,ew99/r0p9/rec9,0.10000000000000001,0,startup,32,0.90122995873790934,0.068381334175362476
i20_new,ew99/rstar/cp,0.10000000000000001,0,startup,32,1.6391268931087322,0.13140036657256865
i20_new,ew99/rstar/rec99,0.10000000000000001,0,startup,32,2.2546455818185596,0.26104323673536811
i20_new,ew99/rstar/rec9,0.10000000000000001,0,startup,32,0.9597954485937179,0.047329440124824658
i20_new,ew999/r0p9/cp,0.10000000000000001,0,startup,32,1.733789623735329,0.15528843124505753
i20_new,ew999/r0p9/rec99,0.10000000000000001,0,startup,32,2.1306152897671873,0.24975333452808296
i20_new,ew999/r0p9/rec9,0.10000000000000001,0,startup,32,0.90122995873790934,0.068381334175362476
i20_new,ew999/rstar/cp,0.10000000000000001,0,startup,32,1.73989154674921,0.14993901600690901
i20_new,ew999/rstar/rec99,0.10000000000000001,0,startup,32,2.326913020845097,0.26814558027114616
i20_new,ew999/rstar/rec9,0.10000000000000001,0,startup,32,0.96450016502671088,0.047654810548380867
i20_new,oracle_useful/r0p9/cp,0.10000000000000001,0,startup,32,2.0484710101428671,0.50628627793441994
i20_new,oracle_useful/r0p9/rec99,0.10000000000000001,0,startup,32,2.0484710101428671,0.50628627793441994
i20_new,oracle_useful/r0p9/rec9,0.10000000000000001,0,startup,32,0.90122995873790934,0.068381334175362476
i20_new,oracle_useful/rstar/cp,0.10000000000000001,0,startup,32,1.79369864591293,0.50672560945279022
i20_new,oracle_useful/rstar/rec99,0.10000000000000001,0,startup,32,1.7936986459129303,0.50672560945279022
i20_new,oracle_useful/rstar/rec9,0.10000000000000001,0,startup,32,0.64645759450797247,0.060036994659176175
i20_new,oracle_nuisance/r0p9/cp,0.10000000000000001,0,startup,32,3.6430484256839089,0.39479938605532783
i20_new,oracle_nuisance/r0p9/rec99,0.10000000000000001,0,startup,32,3.6430484256839089,0.39479938605532783
i20_new,oracle_nuisance/r0p9/rec9,0.10000000000000001,0,startup,32,0.90122995873790934,0.068381334175362476
i20_new,oracle_nuisance/rstar/cp,0.10000000000000001,0,startup,32,3.9485375062312271,0.39189910816663004
i20_new,oracle_nuisance/rstar/rec99,0.10000000000000001,0,startup,32,3.9485375062312271,0.39189910816663004
i20_new,oracle_nuisance/rstar/rec9,0.10000000000000001,0,startup,32,1.2067190392852276,0.050402637826065112
i20_new,native/r0p9/cp,0.10000000000000001,0,transition,32,2.0834196947268131,0.1701408034391978
i20_new,native/r0p9/rec99,0.10000000000000001,0,transition,32,2.4213649113471329,0.16928703251497473
i20_new,native/r0p9/rec9,0.10000000000000001,0,transition,32,0.70149858969673107,0.013186517955985386
i20_new,native/rstar/cp,0.10000000000000001,0,transition,32,2.1725422470958149,0.20079765589263188
i20_new,native/rstar/rec99,0.10000000000000001,0,transition,32,2.6350652826476804,0.19564575372608831
i20_new,native/rstar/rec9,0.10000000000000001,0,transition,32,0.80569301554870454,0.035044682714500119
i20_new,full_legacy/r0p9/cp,0.10000000000000001,0,transition,32,1.4699922510994576,0.064946369562226297
i20_new,full_legacy/r0p9/rec99,0.10000000000000001,0,transition,32,1.7135227081911251,0.079355760802047426
i20_new,full_legacy/r0p9/rec9,0.10000000000000001,0,transition,32,0.70149858969673107,0.013186517955985386
i20_new,full_legacy/rstar/cp,0.10000000000000001,0,transition,32,1.4935100506977506,0.080593194919909683
i20_new,full_legacy/rstar/rec99,0.10000000000000001,0,transition,32,2.0239906102499496,0.10984363028237223
i20_new,full_legacy/rstar/rec9,0.10000000000000001,0,transition,32,0.79107073640372882,0.020836011614892579
i20_new,ew99/r0p9/cp,0.10000000000000001,0,transition,32,1.3966171223888866,0.044564194314991694
i20_new,ew99/r0p9/rec99,0.10000000000000001,0,transition,32,1.6880821234821166,0.069933127625869507
i20_new,ew99/r0p9/rec9,0.10000000000000001,0,transition,32,0.70149858969673107,0.013186517955985386
i20_new,ew99/rstar/cp,0.10000000000000001,0,transition,32,1.4146764724939502,0.062120107488165398
i20_new,ew99/rstar/rec99,0.10000000000000001,0,transition,32,2.0071806394705147,0.10013359452738058
i20_new,ew99/rstar/rec9,0.10000000000000001,0,transition,32,0.78639252866244502,0.019606185743097724
i20_new,ew999/r0p9/cp,0.10000000000000001,0,transition,32,1.649245809238675,0.099041143859211533
i20_new,ew999/r0p9/rec99,0.10000000000000001,0,transition,32,1.9946296539643105,0.10660129825631523
i20_new,ew999/r0p9/rec9,0.10000000000000001,0,transition,32,0.70149858969673107,0.013186517955985386
i20_new,ew999/rstar/cp,0.10000000000000001,0,transition,32,1.6752895252013111,0.12594887945495348
i20_new,ew999/rstar/rec99,0.10000000000000001,0,transition,32,2.2268036137380731,0.13087517342944632
i20_new,ew999/rstar/rec9,0.10000000000000001,0,transition,32,0.76081952549407705,0.028475198212056615
i20_new,oracle_useful/r0p9/cp,0.10000000000000001,0,transition,32,0.52970319938210098,0.013312157403127578
i20_new,oracle_useful/r0p9/rec99,0.10000000000000001,0,transition,32,0.52970319938210098,0.013312157403127573
i20_new,oracle_useful/r0p9/rec9,0.10000000000000001,0,transition,32,0.70149858969673107,0.013186517955985386
i20_new,oracle_useful/rstar/cp,0.10000000000000001,0,transition,32,0.31827739856116494,0.0087014073256045776
i20_new,oracle_useful/rstar/rec99,0.10000000000000001,0,transition,32,0.31827739856116494,0.0087014073256045828
i20_new,oracle_useful/rstar/rec9,0.10000000000000001,0,transition,32,0.49007278887579514,0.0059573055873369252
i20_new,oracle_nuisance/r0p9/cp,0.10000000000000001,0,transition,32,4.6468543138444467,0.32304687323668524
i20_new,oracle_nuisance/r0p9/rec99,0.10000000000000001,0,transition,32,4.6468543138444467,0.32304687323668529
i20_new,oracle_nuisance/r0p9/rec9,0.10000000000000001,0,transition,32,0.70149858969673107,0.013186517955985386
i20_new,oracle_nuisance/rstar/cp,0.10000000000000001,0,transition,32,5.0659613735847007,0.3222536182831427
i20_new,oracle_nuisance/rstar/rec99,0.10000000000000001,0,transition,32,5.0659613735847007,0.3222536182831427
i20_new,oracle_nuisance/rstar/rec9,0.10000000000000001,0,transition,32,1.1206056494369849,0.013734426970766715
i20_new,native/r0p9/cp,0.10000000000000001,0,late,32,1.2398881378071238,0.099881471745341247
i20_new,native/r0p9/rec99,0.10000000000000001,0,late,32,1.4559172808604108,0.10956317151426806
i20_new,native/r0p9/rec9,0.10000000000000001,0,late,32,0.68515411098716361,0.007451399347561811
i20_new,native/rstar/cp,0.10000000000000001,0,late,32,1.181914652092388,0.12369438283392364
i20_new,native/rstar/rec99,0.10000000000000001,0,late,32,1.4767994908193707,0.13685383607230162
i20_new,native/rstar/rec9,0.10000000000000001,0,late,32,0.633348660124881,0.02364986177036963
i20_new,full_legacy/r0p9/cp,0.10000000000000001,0,late,32,1.2735656205710622,0.035078810699682009
i20_new,full_legacy/r0p9/rec99,0.10000000000000001,0,late,32,1.4680085771684519,0.045943690732861843
i20_new,full_legacy/r0p9/rec9,0.10000000000000001,0,late,32,0.68515411098716361,0.007451399347561811
i20_new,full_legacy/rstar/cp,0.10000000000000001,0,late,32,1.2678109494359726,0.045965644321658665
i20_new,full_legacy/rstar/rec99,0.10000000000000001,0,late,32,1.7172557768835601,0.0636816381784958
i20_new,full_legacy/rstar/rec9,0.10000000000000001,0,late,32,0.73152798577043476,0.012940335730196335
i20_new,ew99/r0p9/cp,0.10000000000000001,0,late,32,1.2735633343485755,0.035078758541398039
i20_new,ew99/r0p9/rec99,0.10000000000000001,0,late,32,1.4680012956192265,0.045942003140830266
i20_new,ew99/r0p9/rec9,0.10000000000000001,0,late,32,0.68515411098716361,0.007451399347561811
i20_new,ew99/rstar/cp,0.10000000000000001,0,late,32,1.2678087878199573,0.045965486707664656
i20_new,ew99/rstar/rec99,0.10000000000000001,0,late,32,1.7172535659770114,0.063678953443434064
i20_new,ew99/rstar/rec9,0.10000000000000001,0,late,32,0.73152679131507736,0.012940519168817926
i20_new,ew999/r0p9/cp,0.10000000000000001,0,late,32,0.87596860764410445,0.090950470257082736
i20_new,ew999/r0p9/rec99,0.10000000000000001,0,late,32,0.9472025747742856,0.097073834574559884
i20_new,ew999/r0p9/rec9,0.10000000000000001,0,late,32,0.68515411098716361,0.007451399347561811
i20_new,ew999/rstar/cp,0.10000000000000001,0,late,32,0.75283706290904606,0.11449491605488923
i20_new,ew999/rstar/rec99,0.10000000000000001,0,late,32,0.87285402436033643,0.12464400185682746
i20_new,ew999/rstar/rec9,0.10000000000000001,0,late,32,0.56725298198520124,0.022765315407527201
i20_new,oracle_useful/r0p9/cp,0.10000000000000001,0,late,32,0.49335804074723844,0.0072846988817044473
i20_new,oracle_useful/r0p9/rec99,0.10000000000000001,0,late,32,0.49335804074723844,0.007284698881704443
i20_new,oracle_useful/r0p9/rec9,0.10000000000000001,0,late,32,0.68515411098716361,0.007451399347561811
i20_new,oracle_useful/rstar/cp,0.10000000000000001,0,late,32,0.2903899167873083,0.0025363166877223784
i20_new,oracle_useful/rstar/rec99,0.10000000000000001,0,late,32,0.29038991678730836,0.0025363166877223784
i20_new,oracle_useful/rstar/rec9,0.10000000000000001,0,late,32,0.48218598702723348,0.0032077762746113786
i20_new,oracle_nuisance/r0p9/cp,0.10000000000000001,0,late,32,4.7967500375195069,0.16040836636082895
i20_new,oracle_nuisance/r0p9/rec99,0.10000000000000001,0,late,32,4.7967500375195069,0.160408366360829
i20_new,oracle_nuisance/r0p9/rec9,0.10000000000000001,0,late,32,0.68515411098716361,0.007451399347561811
i20_new,oracle_nuisance/rstar/cp,0.10000000000000001,0,late,32,5.2158320287307864,0.15982270381250321
i20_new,oracle_nuisance/rstar/rec99,0.10000000000000001,0,late,32,5.2158320287307873,0.15982270381250324
i20_new,oracle_nuisance/rstar/rec9,0.10000000000000001,0,late,32,1.1042361021984435,0.0078942558094356602
i20_new,native/r0p9/cp,0.10000000000000001,0.78539816339744828,whole,32,1.4513435835945812,0.10270371325005978
i20_new,native/r0p9/rec99,0.10000000000000001,0.78539816339744828,whole,32,1.693592202459667,0.10832794601152097
i20_new,native/r0p9/rec9,0.10000000000000001,0.78539816339744828,whole,32,0.69423351489058494,0.0067777157458634059
i20_new,native/rstar/cp,0.10000000000000001,0.78539816339744828,whole,32,1.4277464612043955,0.12617396640940981
i20_new,native/rstar/rec99,0.10000000000000001,0.78539816339744828,whole,32,1.757736677976049,0.13268409691154265
i20_new,native/rstar/rec9,0.10000000000000001,0.78539816339744828,whole,32,0.6787553501363659,0.023472551815114418
i20_new,full_legacy/r0p9/cp,0.10000000000000001,0.78539816339744828,whole,32,1.3370203325052057,0.033223247558086026
i20_new,full_legacy/r0p9/rec99,0.10000000000000001,0.78539816339744828,whole,32,1.5424231932182602,0.039136244298952252
i20_new,full_legacy/r0p9/rec9,0.10000000000000001,0.78539816339744828,whole,32,0.69423351489058494,0.0067777157458634059
i20_new,full_legacy/rstar/cp,0.10000000000000001,0.78539816339744828,whole,32,1.337740298191018,0.042609209551912088
i20_new,full_legacy/rstar/rec99,0.10000000000000001,0.78539816339744828,whole,32,1.7997451950850598,0.05377547879866923
i20_new,full_legacy/rstar/rec9,0.10000000000000001,0.78539816339744828,whole,32,0.74912576402651698,0.010609490017311271
i20_new,ew99/r0p9/cp,0.10000000000000001,0.78539816339744828,whole,32,1.310511708969194,0.027975734160834254
i20_new,ew99/r0p9/rec99,0.10000000000000001,0.78539816339744828,whole,32,1.5325155759686653,0.035805361852050889
i20_new,ew99/r0p9/rec9,0.10000000000000001,0.78539816339744828,whole,32,0.69423351489058494,0.0067777157458634059
i20_new,ew99/rstar/cp,0.10000000000000001,0.78539816339744828,whole,32,1.3101369695038252,0.037576049649285112
i20_new,ew99/rstar/rec99,0.10000000000000001,0.78539816339744828,whole,32,1.7959219579090901,0.051274331201270562
i20_new,ew99/rstar/rec9,0.10000000000000001,0.78539816339744828,whole,32,0.74957829865020109,0.010139074776317918
i20_new,ew999/r0p9/cp,0.10000000000000001,0.78539816339744828,whole,32,1.0714015034051627,0.078943221278240938
i20_new,ew999/r0p9/rec99,0.10000000000000001,0.78539816339744828,whole,32,1.2124589854668619,0.083250255711905016
i20_new,ew999/r0p9/rec9,0.10000000000000001,0.78539816339744828,whole,32,0.69423351489058494,0.0067777157458634059
i20_new,ew999/rstar/cp,0.10000000000000001,0.78539816339744828,whole,32,0.98506522902080906,0.10171276400646313
i20_new,ew999/rstar/rec99,0.10000000000000001,0.78539816339744828,whole,32,1.213844156882443,0.10686982492460921
i20_new,ew999/rstar/rec9,0.10000000000000001,0.78539816339744828,whole,32,0.62073663385073585,0.020799680168601318
i20_new,oracle_useful/r0p9/cp,0.10000000000000001,0.78539816339744828,whole,32,0.54041352567497358,0.015555124194705793
i20_new,oracle_useful/r0p9/rec99,0.10000000000000001,0.78539816339744828,whole,32,0.54041352567497358,0.015555124194705873
i20_new,oracle_useful/r0p9/rec9,0.10000000000000001,0.78539816339744828,whole,32,0.69423351489058494,0.0067777157458634059
i20_new,oracle_useful/rstar/cp,0.10000000000000001,0.78539816339744828,whole,32,0.33424731841456667,0.014658753191631877
i20_new,oracle_useful/rstar/rec99,0.10000000000000001,0.78539816339744828,whole,32,0.33424731841456662,0.014658753191631877
i20_new,oracle_useful/rstar/rec9,0.10000000000000001,0.78539816339744828,whole,32,0.48806730763017836,0.00357569722429012
i20_new,oracle_nuisance/r0p9/cp,0.10000000000000001,0.78539816339744828,whole,32,4.7341809593967277,0.12993484520076132
i20_new,oracle_nuisance/r0p9/rec99,0.10000000000000001,0.78539816339744828,whole,32,4.7341809593967517,0.12993484520076232
i20_new,oracle_nuisance/r0p9/rec9,0.10000000000000001,0.78539816339744828,whole,32,0.69423351489058494,0.0067777157458634059
i20_new,oracle_nuisance/rstar/cp,0.10000000000000001,0.78539816339744828,whole,32,5.1504287682604275,0.12887257998845955
i20_new,oracle_nuisance/rstar/rec99,0.10000000000000001,0.78539816339744828,whole,32,5.1504287682604293,0.12887257998845983
i20_new,oracle_nuisance/rstar/rec9,0.10000000000000001,0.78539816339744828,whole,32,1.1104813237542848,0.0066660257313626717
i20_new,native/r0p9/cp,0.10000000000000001,0.78539816339744828,startup,32,2.1063219570281735,0.27879521769123133
i20_new,native/r0p9/rec99,0.10000000000000001,0.78539816339744828,startup,32,2.2738854704501308,0.3121536189329196
i20_new,native/r0p9/rec9,0.10000000000000001,0.78539816339744828,startup,32,0.90122995873790934,0.068381334175362476
i20_new,native/rstar/cp,0.10000000000000001,0.78539816339744828,startup,32,2.0995386615418048,0.28052642029414487
i20_new,native/rstar/rec99,0.10000000000000001,0.78539816339744828,startup,32,2.2898948506316912,0.31159875135067944
i20_new,native/rstar/rec9,0.10000000000000001,0.78539816339744828,startup,32,0.89851706176986312,0.049563218961609777
i20_new,full_legacy/r0p9/cp,0.10000000000000001,0.78539816339744828,startup,32,2.0439144231812243,0.26867141424822405
i20_new,full_legacy/r0p9/rec99,0.10000000000000001,0.78539816339744828,startup,32,2.2349660399567051,0.29926714509235219
i20_new,full_legacy/r0p9/rec9,0.10000000000000001,0.78539816339744828,startup,32,0.90122995873790934,0.068381334175362476
i20_new,full_legacy/rstar/cp,0.10000000000000001,0.78539816339744828,startup,32,2.0336929882817767,0.26819452322992787
i20_new,full_legacy/rstar/rec99,0.10000000000000001,0.78539816339744828,startup,32,2.2562190046460193,0.29915187105314539
i20_new,full_legacy/rstar/rec9,0.10000000000000001,0.78539816339744828,startup,32,0.89955436031408031,0.048076292363070046
i20_new,ew99/r0p9/cp,0.10000000000000001,0.78539816339744828,startup,32,1.6440142268104931,0.13824144918041445
i20_new,ew99/r0p9/rec99,0.10000000000000001,0.78539816339744828,startup,32,2.0678450588307493,0.24164027053136913
i20_new,ew99/r0p9/rec9,0.10000000000000001,0.78539816339744828,startup,32,0.90122995873790934,0.068381334175362476
i20_new,ew99/rstar/cp,0.10000000000000001,0.78539816339744828,startup,32,1.6391268931087322,0.13140036657256862
i20_new,ew99/rstar/rec99,0.10000000000000001,0.78539816339744828,startup,32,2.2546455818185587,0.26104323673536806
i20_new,ew99/rstar/rec9,0.10000000000000001,0.78539816339744828,startup,32,0.95979544859371779,0.047329440124824651
i20_new,ew999/r0p9/cp,0.10000000000000001,0.78539816339744828,startup,32,1.733789623735329,0.15528843124505751
i20_new,ew999/r0p9/rec99,0.10000000000000001,0.78539816339744828,startup,32,2.1306152897671868,0.24975333452808282
i20_new,ew999/r0p9/rec9,0.10000000000000001,0.78539816339744828,startup,32,0.90122995873790934,0.068381334175362476
i20_new,ew999/rstar/cp,0.10000000000000001,0.78539816339744828,startup,32,1.7398915467492098,0.14993901600690898
i20_new,ew999/rstar/rec99,0.10000000000000001,0.78539816339744828,startup,32,2.3269130208450961,0.26814558027114616
i20_new,ew999/rstar/rec9,0.10000000000000001,0.78539816339744828,startup,32,0.96450016502671088,0.047654810548380874
i20_new,oracle_useful/r0p9/cp,0.10000000000000001,0.78539816339744828,startup,32,2.048471010142868,0.50628627793442038
i20_new,oracle_useful/r0p9/rec99,0.10000000000000001,0.78539816339744828,startup,32,2.0484710101428734,0.50628627793442238
i20_new,oracle_useful/r0p9/rec9,0.10000000000000001,0.78539816339744828,startup,32,0.90122995873790934,0.068381334175362476
i20_new,oracle_useful/rstar/cp,0.10000000000000001,0.78539816339744828,startup,32,1.7936986459129307,0.50672560945279066
i20_new,oracle_useful/rstar/rec99,0.10000000000000001,0.78539816339744828,startup,32,1.7936986459129307,0.50672560945279055
i20_new,oracle_useful/rstar/rec9,0.10000000000000001,0.78539816339744828,startup,32,0.64645759450797247,0.060036994659176168
i20_new,oracle_nuisance/r0p9/cp,0.10000000000000001,0.78539816339744828,startup,32,3.6430484256839089,0.39479938605532783
i20_new,oracle_nuisance/r0p9/rec99,0.10000000000000001,0.78539816339744828,startup,32,3.6430484256839186,0.39479938605532938
i20_new,oracle_nuisance/r0p9/rec9,0.10000000000000001,0.78539816339744828,startup,32,0.90122995873790934,0.068381334175362476
i20_new,oracle_nuisance/rstar/cp,0.10000000000000001,0.78539816339744828,startup,32,3.9485375062312276,0.39189910816663015
i20_new,oracle_nuisance/rstar/rec99,0.10000000000000001,0.78539816339744828,startup,32,3.9485375062312271,0.39189910816663004
i20_new,oracle_nuisance/rstar/rec9,0.10000000000000001,0.78539816339744828,startup,32,1.2067190392852276,0.050402637826065112
i20_new,native/r0p9/cp,0.10000000000000001,0.78539816339744828,transition,32,2.0834196947268131,0.17014080343919777
i20_new,native/r0p9/rec99,0.10000000000000001,0.78539816339744828,transition,32,2.4213649113471316,0.16928703251497476
i20_new,native/r0p9/rec9,0.10000000000000001,0.78539816339744828,transition,32,0.70149858969673118,0.013186517955985381
i20_new,native/rstar/cp,0.10000000000000001,0.78539816339744828,transition,32,2.1725422470958144,0.20079765589263188
i20_new,native/rstar/rec99,0.10000000000000001,0.78539816339744828,transition,32,2.635065282647679,0.19564575372608831
i20_new,native/rstar/rec9,0.10000000000000001,0.78539816339744828,transition,32,0.80569301554870454,0.035044682714500112
i20_new,full_legacy/r0p9/cp,0.10000000000000001,0.78539816339744828,transition,32,1.4699922510994576,0.064946369562226255
i20_new,full_legacy/r0p9/rec99,0.10000000000000001,0.78539816339744828,transition,32,1.7135227081911246,0.079355760802047398
i20_new,full_legacy/r0p9/rec9,0.10000000000000001,0.78539816339744828,transition,32,0.70149858969673118,0.013186517955985381
i20_new,full_legacy/rstar/cp,0.10000000000000001,0.78539816339744828,transition,32,1.4935100506977506,0.080593194919909697
i20_new,full_legacy/rstar/rec99,0.10000000000000001,0.78539816339744828,transition,32,2.0239906102499474,0.109843630282372
i20_new,full_legacy/rstar/rec9,0.10000000000000001,0.78539816339744828,transition,32,0.79107073640372882,0.0208360116148926
i20_new,ew99/r0p9/cp,0.10000000000000001,0.78539816339744828,transition,32,1.3966171223888866,0.044564194314991701
i20_new,ew99/r0p9/rec99,0.10000000000000001,0.78539816339744828,transition,32,1.6880821234821171,0.069933127625869618
i20_new,ew99/r0p9/rec9,0.10000000000000001,0.78539816339744828,transition,32,0.70149858969673118,0.013186517955985381
i20_new,ew99/rstar/cp,0.10000000000000001,0.78539816339744828,transition,32,1.4146764724939498,0.062120107488165419
i20_new,ew99/rstar/rec99,0.10000000000000001,0.78539816339744828,transition,32,2.0071806394705156,0.10013359452738071
i20_new,ew99/rstar/rec9,0.10000000000000001,0.78539816339744828,transition,32,0.78639252866244491,0.019606185743097762
i20_new,ew999/r0p9/cp,0.10000000000000001,0.78539816339744828,transition,32,1.6492458092386757,0.099041143859211631
i20_new,ew999/r0p9/rec99,0.10000000000000001,0.78539816339744828,transition,32,1.9946296539643114,0.10660129825631519
i20_new,ew999/r0p9/rec9,0.10000000000000001,0.78539816339744828,transition,32,0.70149858969673118,0.013186517955985381
i20_new,ew999/rstar/cp,0.10000000000000001,0.78539816339744828,transition,32,1.6752895252013116,0.12594887945495359
i20_new,ew999/rstar/rec99,0.10000000000000001,0.78539816339744828,transition,32,2.2268036137380749,0.13087517342944624
i20_new,ew999/rstar/rec9,0.10000000000000001,0.78539816339744828,transition,32,0.76081952549407716,0.028475198212056664
i20_new,oracle_useful/r0p9/cp,0.10000000000000001,0.78539816339744828,transition,32,0.52970319938210131,0.013312157403127561
i20_new,oracle_useful/r0p9/rec99,0.10000000000000001,0.78539816339744828,transition,32,0.52970319938210153,0.013312157403127661
i20_new,oracle_useful/r0p9/rec9,0.10000000000000001,0.78539816339744828,transition,32,0.70149858969673118,0.013186517955985381
i20_new,oracle_useful/rstar/cp,0.10000000000000001,0.78539816339744828,transition,32,0.31827739856116494,0.0087014073256045845
i20_new,oracle_useful/rstar/rec99,0.10000000000000001,0.78539816339744828,transition,32,0.31827739856116494,0.0087014073256045776
i20_new,oracle_useful/rstar/rec9,0.10000000000000001,0.78539816339744828,transition,32,0.49007278887579508,0.005957305587336926
i20_new,oracle_nuisance/r0p9/cp,0.10000000000000001,0.78539816339744828,transition,32,4.6468543138444476,0.32304687323668557
i20_new,oracle_nuisance/r0p9/rec99,0.10000000000000001,0.78539816339744828,transition,32,4.646854313844468,0.32304687323668729
i20_new,oracle_nuisance/r0p9/rec9,0.10000000000000001,0.78539816339744828,transition,32,0.70149858969673118,0.013186517955985381
i20_new,oracle_nuisance/rstar/cp,0.10000000000000001,0.78539816339744828,transition,32,5.0659613735847016,0.32225361828314303
i20_new,oracle_nuisance/rstar/rec99,0.10000000000000001,0.78539816339744828,transition,32,5.0659613735847007,0.3222536182831427
i20_new,oracle_nuisance/rstar/rec9,0.10000000000000001,0.78539816339744828,transition,32,1.1206056494369852,0.013734426970766713
i20_new,native/r0p9/cp,0.10000000000000001,0.78539816339744828,late,32,1.2398881378071254,0.099881471745341302
i20_new,native/r0p9/rec99,0.10000000000000001,0.78539816339744828,late,32,1.4559172808604122,0.10956317151426806
i20_new,native/r0p9/rec9,0.10000000000000001,0.78539816339744828,late,32,0.6851541109871635,0.0074513993475618127
i20_new,native/rstar/cp,0.10000000000000001,0.78539816339744828,late,32,1.1819146520923893,0.12369438283392369
i20_new,native/rstar/rec99,0.10000000000000001,0.78539816339744828,late,32,1.476799490819372,0.13685383607230167
i20_new,native/rstar/rec9,0.10000000000000001,0.78539816339744828,late,32,0.63334866012488111,0.023649861770369623
i20_new,full_legacy/r0p9/cp,0.10000000000000001,0.78539816339744828,late,32,1.2735656205710628,0.035078810699681974
i20_new,full_legacy/r0p9/rec99,0.10000000000000001,0.78539816339744828,late,32,1.4680085771684528,0.045943690732861829
i20_new,full_legacy/r0p9/rec9,0.10000000000000001,0.78539816339744828,late,32,0.6851541109871635,0.0074513993475618127
i20_new,full_legacy/rstar/cp,0.10000000000000001,0.78539816339744828,late,32,1.2678109494359731,0.045965644321658637
i20_new,full_legacy/rstar/rec99,0.10000000000000001,0.78539816339744828,late,32,1.7172557768835615,0.063681638178495426
i20_new,full_legacy/rstar/rec9,0.10000000000000001,0.78539816339744828,late,32,0.73152798577043476,0.012940335730196329
i20_new,ew99/r0p9/cp,0.10000000000000001,0.78539816339744828,late,32,1.2735633343485762,0.035078758541398018
i20_new,ew99/r0p9/rec99,0.10000000000000001,0.78539816339744828,late,32,1.468001295619227,0.045942003140830273
i20_new,ew99/r0p9/rec9,0.10000000000000001,0.78539816339744828,late,32,0.6851541109871635,0.0074513993475618127
i20_new,ew99/rstar/cp,0.10000000000000001,0.78539816339744828,late,32,1.2678087878199578,0.045965486707664635
i20_new,ew99/rstar/rec99,0.10000000000000001,0.78539816339744828,late,32,1.7172535659770136,0.063678953443433856
i20_new,ew99/rstar/rec9,0.10000000000000001,0.78539816339744828,late,32,0.73152679131507736,0.012940519168817912
i20_new,ew999/r0p9/cp,0.10000000000000001,0.78539816339744828,late,32,0.87596860764410334,0.090950470257082972
i20_new,ew999/r0p9/rec99,0.10000000000000001,0.78539816339744828,late,32,0.94720257477428282,0.097073834574559786
i20_new,ew999/r0p9/rec9,0.10000000000000001,0.78539816339744828,late,32,0.6851541109871635,0.0074513993475618127
i20_new,ew999/rstar/cp,0.10000000000000001,0.78539816339744828,late,32,0.75283706290904506,0.11449491605488948
i20_new,ew999/rstar/rec99,0.10000000000000001,0.78539816339744828,late,32,0.87285402436033155,0.12464400185682747
i20_new,ew999/rstar/rec9,0.10000000000000001,0.78539816339744828,late,32,0.56725298198520113,0.022765315407527249
i20_new,oracle_useful/r0p9/cp,0.10000000000000001,0.78539816339744828,late,32,0.49335804074723877,0.0072846988817044638
i20_new,oracle_useful/r0p9/rec99,0.10000000000000001,0.78539816339744828,late,32,0.49335804074723855,0.0072846988817044508
i20_new,oracle_useful/r0p9/rec9,0.10000000000000001,0.78539816339744828,late,32,0.6851541109871635,0.0074513993475618127
i20_new,oracle_useful/rstar/cp,0.10000000000000001,0.78539816339744828,late,32,0.29038991678730841,0.0025363166877223849
i20_new,oracle_useful/rstar/rec99,0.10000000000000001,0.78539816339744828,late,32,0.2903899167873083,0.0025363166877223784
i20_new,oracle_useful/rstar/rec9,0.10000000000000001,0.78539816339744828,late,32,0.48218598702723348,0.0032077762746113799
i20_new,oracle_nuisance/r0p9/cp,0.10000000000000001,0.78539816339744828,late,32,4.796750037519506,0.16040836636082911
i20_new,oracle_nuisance/r0p9/rec99,0.10000000000000001,0.78539816339744828,late,32,4.7967500375195318,0.16040836636083064
i20_new,oracle_nuisance/r0p9/rec9,0.10000000000000001,0.78539816339744828,late,32,0.6851541109871635,0.0074513993475618127
i20_new,oracle_nuisance/rstar/cp,0.10000000000000001,0.78539816339744828,late,32,5.2158320287307864,0.1598227038125033
i20_new,oracle_nuisance/rstar/rec99,0.10000000000000001,0.78539816339744828,late,32,5.2158320287307864,0.15982270381250377
i20_new,oracle_nuisance/rstar/rec9,0.10000000000000001,0.78539816339744828,late,32,1.1042361021984433,0.0078942558094356706
reused_parent,raw,0,0,whole,32,5.0039120943441677,0.014483744606845862
reused_parent,ema_q0p9,0,0,whole,32,0.27122267515374332,0.0031207821369980846
reused_parent,ema_q0p99,0,0,whole,32,0.083499050958517645,0.014186563644568904
reused_parent,ema_q0p999,0,0,whole,32,0.59689552818087166,0.14579663597939571
reused_parent,dema_q0p9,0,0,whole,32,0.64050841313954332,0.0047630061848217874
reused_parent,dema_q0p99,0,0,whole,32,0.091983627285689679,0.0078076135379202168
reused_parent,dema_q0p999,0,0,whole,32,0.29945028444654576,0.071744409739076143
reused_parent,common_kalman,0,0,whole,32,0.0098627956731663219,0.00075812371202260372
reused_parent,useful_oracle_kalman,0,0,whole,32,0.009862795673166256,0.00075812371202259917
reused_parent,scalar_k0,0,0,whole,32,0.083499050958517645,0.014186563644568904
reused_parent,scalar_k0p5,0,0,whole,32,0.51576639977130834,0.0042340746097577339
reused_parent,scalar_k0p9,0,0,whole,32,0.43836566548353451,0.0031378670885545798
reused_parent,scalar_k1,0,0,whole,32,0.27122267515374332,0.0031207821369980842
reused_parent,oracle_useful,0,0,whole,32,0.11740268593813161,0.014443190435699711
reused_parent,oracle_nuisance,0,0,whole,32,0.23731904017412939,0.0044623051468830437
reused_parent,native_i17,0,0,whole,32,0.22865120302132641,0.0030283681038482612
reused_parent,native_cp,0,0,whole,32,0.22873723955364145,0.0030464704500715251
reused_parent,native_cp_star,0,0,whole,32,0.6411070606575735,0.0045321153072259649
reused_parent,oracle_useful_star,0,0,whole,32,0.2204229806954825,0.014492594117124918
reused_parent,raw,0,0,startup,32,4.9035316037743275,0.10024647159025608
reused_parent,ema_q0p9,0,0,startup,32,0.48029515802742484,0.06146866717670451
reused_parent,ema_q0p99,0,0,startup,32,2.0760821406152141,0.5040574336951541
reused_parent,ema_q0p999,0,0,startup,32,4.3232482387841067,1.066862495959856
reused_parent,dema_q0p9,0,0,startup,32,0.72169047378119622,0.0428586466289455
reused_parent,dema_q0p99,0,0,startup,32,1.0817882794111429,0.25440746765830674
reused_parent,dema_q0p999,0,0,startup,32,3.9214905884147373,0.9662127360285987
reused_parent,common_kalman,0,0,startup,32,0.2434527151056623,0.026448831029633184
reused_parent,useful_oracle_kalman,0,0,startup,32,0.24345271510566233,0.026448831029633177
reused_parent,scalar_k0,0,0,startup,32,2.0760821406152141,0.5040574336951541
reused_parent,scalar_k0p5,0,0,startup,32,1.0522837639191196,0.13271892586072206
reused_parent,scalar_k0p9,0,0,startup,32,0.57473803708223115,0.043856353865571671
reused_parent,scalar_k1,0,0,startup,32,0.48029515802742484,0.061468667176704496
reused_parent,oracle_useful,0,0,startup,32,1.6275362094323829,0.50838576705449467
reused_parent,oracle_nuisance,0,0,startup,32,0.9288410892102561,0.11909786656054047
reused_parent,native_i17,0,0,startup,32,0.64867036417576984,0.089648577464659165
reused_parent,native_cp,0,0,startup,32,0.65396685779592434,0.089324635568016286
reused_parent,native_cp_star,0,0,startup,32,0.84324853227900243,0.081879303954381893
reused_parent,oracle_useful_star,0,0,startup,32,1.6860701282749875,0.50922756779592071
reused_parent,raw,0,0,transition,32,4.9984972746094494,0.033784022542425039
reused_parent,ema_q0p9,0,0,transition,32,0.2695903855835905,0.0053432972998018798
reused_parent,ema_q0p99,0,0,transition,32,0.057393571855962312,0.0073284423354961995
reused_parent,ema_q0p999,0,0,transition,32,1.8032191164113791,0.44150685550656155
reused_parent,dema_q0p9,0,0,transition,32,0.64551011592138807,0.0098935113447109774
reused_parent,dema_q0p99,0,0,transition,32,0.079947147660521953,0.0067492196794266424
reused_parent,dema_q0p999,0,0,transition,32,0.70895037693653795,0.17045537624315424
reused_parent,common_kalman,0,0,transition,32,0.0097861490623532242,0.00089979080608513194
reused_parent,useful_oracle_kalman,0,0,transition,32,0.0097861490623531357,0.00089979080608513487
reused_parent,scalar_k0,0,0,transition,32,0.057393571855962312,0.0073284423354961978
reused_parent,scalar_k0p5,0,0,transition,32,0.50660381326592285,0.003876007193019307
reused_parent,scalar_k0p9,0,0,transition,32,0.43847523721677184,0.0058238771390439256
reused_parent,scalar_k1,0,0,transition,32,0.2695903855835905,0.0053432972998018807
reused_parent,oracle_useful,0,0,transition,32,0.097794995268960266,0.0077534022982368731
reused_parent,oracle_nuisance,0,0,transition,32,0.22918896217059251,0.0060146865588755977
reused_parent,native_i17,0,0,transition,32,0.2193204382331424,0.0043893705364027044
reused_parent,native_cp,0,0,transition,32,0.21924205002719493,0.0043887128194797648
reused_parent,native_cp_star,0,0,transition,32,0.62875034359318949,0.0076763634757144308
reused_parent,oracle_useful_star,0,0,transition,32,0.20173391743046068,0.0081284838841923952
reused_parent,raw,0,0,late,32,5.0088825566169106,0.017551022144278311
reused_parent,ema_q0p9,0,0,late,32,0.26474327926233315,0.0023518050102707445
reused_parent,ema_q0p99,0,0,late,32,0.024911258367394377,0.00083236858326392912
reused_parent,ema_q0p999,0,0,late,32,0.11078669469161165,0.026474768645067714
reused_parent,dema_q0p9,0,0,late,32,0.63630183361693482,0.0046891465722406237
reused_parent,dema_q0p99,0,0,late,32,0.062601082769058236,0.0015786694913290332
reused_parent,dema_q0p999,0,0,late,32,0.055865579900608434,0.012471032678273571
reused_parent,common_kalman,0,0,late,32,0.0020994590086603863,0.00029771698969021878
reused_parent,useful_oracle_kalman,0,0,late,32,0.0020994590086603243,0.00029771698969021325
reused_parent,scalar_k0,0,0,late,32,0.024911258367394374,0.00083236858326392901
reused_parent,scalar_k0p5,0,0,late,32,0.50063126358466348,0.0020294868206599333
reused_parent,scalar_k0p9,0,0,late,32,0.43378704824360681,0.0028831307113231829
reused_parent,scalar_k1,0,0,late,32,0.26474327926233315,0.0023518050102707454
reused_parent,oracle_useful,0,0,late,32,0.072947209022407991,0.0011106440788712475
reused_parent,oracle_nuisance,0,0,late,32,0.21670732860731956,0.0022520446705224643
reused_parent,native_i17,0,0,late,32,0.21744979375263349,0.0022498257768103079
reused_parent,native_cp,0,0,late,32,0.21741147580349929,0.0022493162934930921
reused_parent,native_cp_star,0,0,late,32,0.63807602672284114,0.0043319041770248732
reused_parent,oracle_useful_star,0,0,late,32,0.17717479475567216,0.0016262272193152058
reused_parent,raw,0,0.78539816339744828,whole,32,5.0039120943441677,0.014483744606845855
reused_parent,ema_q0p9,0,0.78539816339744828,whole,32,0.27122267515374332,0.0031207821369980851
reused_parent,ema_q0p99,0,0.78539816339744828,whole,32,0.083499050958517659,0.014186563644568911
reused_parent,ema_q0p999,0,0.78539816339744828,whole,32,0.59689552818087166,0.14579663597939579
reused_parent,dema_q0p9,0,0.78539816339744828,whole,32,0.64050841313954332,0.0047630061848217909
reused_parent,dema_q0p99,0,0.78539816339744828,whole,32,0.091983627285689706,0.007807613537920222
reused_parent,dema_q0p999,0,0.78539816339744828,whole,32,0.29945028444654531,0.071744409739076032
reused_parent,common_kalman,0,0.78539816339744828,whole,32,0.0098627956731663184,0.00075812371202260297
reused_parent,useful_oracle_kalman,0,0.78539816339744828,whole,32,0.009862795673166256,0.00075812371202259917
reused_parent,scalar_k0,0,0.78539816339744828,whole,32,0.083499050958517659,0.01418656364456891
reused_parent,scalar_k0p5,0,0.78539816339744828,whole,32,0.51576639977130823,0.0042340746097577356
reused_parent,scalar_k0p9,0,0.78539816339744828,whole,32,0.43836566548353451,0.0031378670885545785
reused_parent,scalar_k1,0,0.78539816339744828,whole,32,0.27122267515374332,0.0031207821369980833
reused_parent,oracle_useful,0,0.78539816339744828,whole,32,0.11740268593813163,0.014443190435699717
reused_parent,oracle_nuisance,0,0.78539816339744828,whole,32,0.23731904017412939,0.0044623051468830428
reused_parent,native_i17,0,0.78539816339744828,whole,32,0.22865120302132641,0.0030283681038482581
reused_parent,native_cp,0,0.78539816339744828,whole,32,0.22873723955364145,0.0030464704500715234
reused_parent,native_cp_star,0,0.78539816339744828,whole,32,0.6411070606575735,0.004532115307225964
reused_parent,oracle_useful_star,0,0.78539816339744828,whole,32,0.2204229806954825,0.014492594117124925
reused_parent,raw,0,0.78539816339744828,startup,32,4.9035316037743275,0.1002464715902561
reused_parent,ema_q0p9,0,0.78539816339744828,startup,32,0.48029515802742484,0.06146866717670451
reused_parent,ema_q0p99,0,0.78539816339744828,startup,32,2.0760821406152141,0.50405743369515432
reused_parent,ema_q0p999,0,0.78539816339744828,startup,32,4.3232482387841049,1.0668624959598554
reused_parent,dema_q0p9,0,0.78539816339744828,startup,32,0.72169047378119622,0.0428586466289455
reused_parent,dema_q0p99,0,0.78539816339744828,startup,32,1.0817882794111435,0.25440746765830724
reused_parent,dema_q0p999,0,0.78539816339744828,startup,32,3.9214905884147351,0.96621273602859747
reused_parent,common_kalman,0,0.78539816339744828,startup,32,0.2434527151056623,0.026448831029633177
reused_parent,useful_oracle_kalman,0,0.78539816339744828,startup,32,0.2434527151056623,0.026448831029633177
reused_parent,scalar_k0,0,0.78539816339744828,startup,32,2.0760821406152141,0.50405743369515432
reused_parent,scalar_k0p5,0,0.78539816339744828,startup,32,1.0522837639191198,0.13271892586072209
reused_parent,scalar_k0p9,0,0.78539816339744828,startup,32,0.57473803708223115,0.043856353865571671
reused_parent,scalar_k1,0,0.78539816339744828,startup,32,0.48029515802742484,0.061468667176704489
reused_parent,oracle_useful,0,0.78539816339744828,startup,32,1.6275362094323831,0.5083857670544949
reused_parent,oracle_nuisance,0,0.78539816339744828,startup,32,0.92884108921025588,0.11909786656054042
reused_parent,native_i17,0,0.78539816339744828,startup,32,0.64867036417576995,0.089648577464659138
reused_parent,native_cp,0,0.78539816339744828,startup,32,0.65396685779592434,0.089324635568016286
reused_parent,native_cp_star,0,0.78539816339744828,startup,32,0.84324853227900254,0.08187930395438188
reused_parent,oracle_useful_star,0,0.78539816339744828,startup,32,1.6860701282749881,0.50922756779592104
reused_parent,raw,0,0.78539816339744828,transition,32,4.9984972746094494,0.033784022542425046
reused_parent,ema_q0p9,0,0.78539816339744828,transition,32,0.2695903855835905,0.005343297299801879
reused_parent,ema_q0p99,0,0.78539816339744828,transition,32,0.057393571855962305,0.0073284423354962056
reused_parent,ema_q0p999,0,0.78539816339744828,transition,32,1.8032191164113787,0.4415068555065616
reused_parent,dema_q0p9,0,0.78539816339744828,transition,32,0.64551011592138796,0.0098935113447109757
reused_parent,dema_q0p99,0,0.78539816339744828,transition,32,0.079947147660521939,0.0067492196794266242
reused_parent,dema_q0p999,0,0.78539816339744828,transition,32,0.70895037693653762,0.17045537624315421
reused_parent,common_kalman,0,0.78539816339744828,transition,32,0.0097861490623532242,0.00089979080608513183
reused_parent,useful_oracle_kalman,0,0.78539816339744828,transition,32,0.009786149062353134,0.00089979080608513454
reused_parent,scalar_k0,0,0.78539816339744828,transition,32,0.057393571855962312,0.007328442335496203
reused_parent,scalar_k0p5,0,0.78539816339744828,transition,32,0.50660381326592285,0.0038760071930193079
reused_parent,scalar_k0p9,0,0.78539816339744828,transition,32,0.43847523721677184,0.0058238771390439256
reused_parent,scalar_k1,0,0.78539816339744828,transition,32,0.2695903855835905,0.0053432972998018816
reused_parent,oracle_useful,0,0.78539816339744828,transition,32,0.097794995268960266,0.0077534022982368774
reused_parent,oracle_nuisance,0,0.78539816339744828,transition,32,0.22918896217059248,0.006014686558875596
reused_parent,native_i17,0,0.78539816339744828,transition,32,0.21932043823314243,0.0043893705364026897
reused_parent,native_cp,0,0.78539816339744828,transition,32,0.21924205002719493,0.0043887128194797578
reused_parent,native_cp_star,0,0.78539816339744828,transition,32,0.62875034359318949,0.0076763634757144291
reused_parent,oracle_useful_star,0,0.78539816339744828,transition,32,0.20173391743046068,0.0081284838841923987
reused_parent,raw,0,0.78539816339744828,late,32,5.0088825566169106,0.017551022144278332
reused_parent,ema_q0p9,0,0.78539816339744828,late,32,0.26474327926233315,0.0023518050102707445
reused_parent,ema_q0p99,0,0.78539816339744828,late,32,0.024911258367394377,0.00083236858326392912
reused_parent,ema_q0p999,0,0.78539816339744828,late,32,0.11078669469161175,0.026474768645067825
reused_parent,dema_q0p9,0,0.78539816339744828,late,32,0.63630183361693482,0.0046891465722406237
reused_parent,dema_q0p99,0,0.78539816339744828,late,32,0.062601082769058222,0.0015786694913290334
reused_parent,dema_q0p999,0,0.78539816339744828,late,32,0.055865579900607962,0.01247103267827347
reused_parent,common_kalman,0,0.78539816339744828,late,32,0.0020994590086603837,0.00029771698969021781
reused_parent,useful_oracle_kalman,0,0.78539816339744828,late,32,0.0020994590086603239,0.00029771698969021304
reused_parent,scalar_k0,0,0.78539816339744828,late,32,0.024911258367394374,0.00083236858326392912
reused_parent,scalar_k0p5,0,0.78539816339744828,late,32,0.50063126358466348,0.0020294868206599329
reused_parent,scalar_k0p9,0,0.78539816339744828,late,32,0.43378704824360675,0.0028831307113231842
reused_parent,scalar_k1,0,0.78539816339744828,late,32,0.2647432792623331,0.0023518050102707454
reused_parent,oracle_useful,0,0.78539816339744828,late,32,0.072947209022407977,0.0011106440788712475
reused_parent,oracle_nuisance,0,0.78539816339744828,late,32,0.21670732860731956,0.0022520446705224647
reused_parent,native_i17,0,0.78539816339744828,late,32,0.21744979375263351,0.0022498257768103214
reused_parent,native_cp,0,0.78539816339744828,late,32,0.21741147580349932,0.0022493162934931047
reused_parent,native_cp_star,0,0.78539816339744828,late,32,0.63807602672284114,0.0043319041770248741
reused_parent,oracle_useful_star,0,0.78539816339744828,late,32,0.17717479475567216,0.0016262272193152062
reused_parent,raw,0.01,0,whole,32,5.0039120943441677,0.014483744606845856
reused_parent,ema_q0p9,0.01,0,whole,32,0.31366474586068782,0.0032679447226637392
reused_parent,ema_q0p99,0.01,0,whole,32,0.53666010034088152,0.019009967583512921
reused_parent,ema_q0p999,0.01,0,whole,32,4.0260377387099489,0.34237587290630955
reused_parent,dema_q0p9,0.01,0,whole,32,0.65970325802692198,0.0047567055998869352
reused_parent,dema_q0p99,0.01,0,whole,32,0.32452175180902615,0.0094302723449060238
reused_parent,dema_q0p999,0.01,0,whole,32,2.1542414461229278,0.12696739033634283
reused_parent,ema_common_steady_oracle,0.01,0,whole,32,0.23018005480818099,0.004631730258740762
reused_parent,common_kalman,0.01,0,whole,32,0.22025435728612083,0.0028639302171500429
reused_parent,useful_oracle_kalman,0.01,0,whole,32,0.10372049523513958,0.0014890380299680021
reused_parent,scalar_k0,0.01,0,whole,32,0.53666010034088152,0.019009967583512921
reused_parent,scalar_k0p5,0.01,0,whole,32,0.63590275006491415,0.0052895585954582242
reused_parent,scalar_k0p9,0.01,0,whole,32,0.46605710702388037,0.0032164639864175589
reused_parent,scalar_k1,0.01,0,whole,32,0.31366474586068782,0.0032679447226637392
reused_parent,oracle_useful,0.01,0,whole,32,0.15984475664507608,0.014536444620012424
reused_parent,oracle_nuisance,0.01,0,whole,32,0.69048008955649331,0.014043991482964374
reused_parent,native_i17,0.01,0,whole,32,0.66914513112840535,0.013331999068099632
reused_parent,native_cp,0.01,0,whole,32,0.6697048388891671,0.013228858471117997
reused_parent,native_cp_star,0.01,0,whole,32,1.0798879295964747,0.012575980745691006
reused_parent,oracle_useful_star,0.01,0,whole,32,0.2317621201275718,0.014528317968525908
reused_parent,raw,0.01,0,startup,32,4.9035316037743275,0.10024647159025608
reused_parent,ema_q0p9,0.01,0,startup,32,0.52565589843671923,0.061144961525572784
reused_parent,ema_q0p99,0.01,0,startup,32,2.4430670907417547,0.50838785684525589
reused_parent,ema_q0p999,0.01,0,startup,32,4.9856351151572245,1.0750023098915995
reused_parent,dema_q0p9,0.01,0,startup,32,0.73875380963650028,0.042656071588361981
reused_parent,dema_q0p99,0.01,0,startup,32,1.2901235983150756,0.25640552127873145
reused_parent,dema_q0p999,0.01,0,startup,32,4.5346175092159342,0.9737835881624527
reused_parent,ema_common_steady_oracle,0.01,0,startup,32,0.75321354680236996,0.13407831283871399
reused_parent,common_kalman,0.01,0,startup,32,0.3561094158113885,0.026168774601169602
reused_parent,useful_oracle_kalman,0.01,0,startup,32,0.30699416350348252,0.026233378389195754
reused_parent,scalar_k0,0.01,0,startup,32,2.4430670907417547,0.50838785684525589
reused_parent,scalar_k0p5,0.01,0,startup,32,1.1535565858715655,0.13415326159262547
reused_parent,scalar_k0p9,0.01,0,startup,32,0.60308610173899191,0.043461481858617035
reused_parent,scalar_k1,0.01,0,startup,32,0.52565589843671923,0.061144961525572784
reused_parent,oracle_useful,0.01,0,startup,32,1.672896949841677,0.50738709982579722
reused_parent,oracle_nuisance,0.01,0,startup,32,1.2958260393367971,0.15693764391478998
reused_parent,native_i17,0.01,0,startup,32,0.83465554008163589,0.098756794256397731
reused_parent,native_cp,0.01,0,startup,32,0.8407292851493493,0.098330088221038489
reused_parent,native_cp_star,0.01,0,startup,32,1.0062150248798369,0.093379571236259562
reused_parent,oracle_useful_star,0.01,0,startup,32,1.6967712445984193,0.50849986346438369
reused_parent,raw,0.01,0,transition,32,4.9984972746094494,0.033784022542425053
reused_parent,ema_q0p9,0.01,0,transition,32,0.31434685491158054,0.005923581611621466
reused_parent,ema_q0p99,0.01,0,transition,32,0.50157092683674431,0.031962852169544503
reused_parent,ema_q0p999,0.01,0,transition,32,3.8960753184838053,0.6025505947834201
reused_parent,dema_q0p9,0.01,0,transition,32,0.66551605954618509,0.0098139370119806075
reused_parent,dema_q0p99,0.01,0,transition,32,0.32499075444741266,0.01646037668456251
reused_parent,dema_q0p999,0.01,0,transition,32,2.1187229431182546,0.25733492729621699
reused_parent,ema_common_steady_oracle,0.01,0,transition,32,0.22254051061081287,0.0067049861786398534
reused_parent,common_kalman,0.01,0,transition,32,0.22254898062287679,0.0067112235731208508
reused_parent,useful_oracle_kalman,0.01,0,transition,32,0.10685648390022252,0.0029287885588862176
reused_parent,scalar_k0,0.01,0,transition,32,0.50157092683674442,0.031962852169544503
reused_parent,scalar_k0p5,0.01,0,transition,32,0.62489701093100247,0.008753346411788333
reused_parent,scalar_k0p9,0.01,0,transition,32,0.46738333705698271,0.0061938487161361799
reused_parent,scalar_k1,0.01,0,transition,32,0.31434685491158054,0.0059235816116214642
reused_parent,oracle_useful,0.01,0,transition,32,0.14255146459695034,0.0083285613516925292
reused_parent,oracle_nuisance,0.01,0,transition,32,0.67336631715137463,0.033790725638328564
reused_parent,native_i17,0.01,0,transition,32,0.6408219496969032,0.033043047880144914
reused_parent,native_cp,0.01,0,transition,32,0.64240852487428235,0.033315873155336517
reused_parent,native_cp_star,0.01,0,transition,32,1.0468184930114108,0.033296366573047798
reused_parent,oracle_useful_star,0.01,0,transition,32,0.2140805154209153,0.0082629971381898131
reused_parent,raw,0.01,0,late,32,5.0088825566169106,0.017551022144278318
reused_parent,ema_q0p9,0.01,0,late,32,0.30639374139288555,0.0025548103679456898
reused_parent,ema_q0p99,0.01,0,late,32,0.48363995271209353,0.016282624361038691
reused_parent,ema_q0p999,0.01,0,late,32,4.0330398855628831,0.44817255451254329
reused_parent,dema_q0p9,0.01,0,late,32,0.65532439918415708,0.0047043368823302106
reused_parent,dema_q0p99,0.01,0,late,32,0.29219432280064189,0.0054405850794674703
reused_parent,dema_q0p999,0.01,0,late,32,2.0855511282545631,0.14053650244520274
reused_parent,ema_common_steady_oracle,0.01,0,late,32,0.2150374683342518,0.002833310483546602
reused_parent,common_kalman,0.01,0,late,32,0.2150374683342518,0.0028333104835465985
reused_parent,useful_oracle_kalman,0.01,0,late,32,0.096003909693336595,0.0015458443826998252
reused_parent,scalar_k0,0.01,0,late,32,0.48363995271209353,0.016282624361038688
reused_parent,scalar_k0p5,0.01,0,late,32,0.62194934394486578,0.0046209208940072351
reused_parent,scalar_k0p9,0.01,0,late,32,0.4610916048567793,0.0030369974638596638
reused_parent,scalar_k1,0.01,0,late,32,0.30639374139288555,0.0025548103679456885
reused_parent,oracle_useful,0.01,0,late,32,0.11459767115296041,0.0016572470620205479
reused_parent,oracle_nuisance,0.01,0,late,32,0.67543602295201866,0.016189266856503928
reused_parent,native_i17,0.01,0,late,32,0.67212507192608162,0.01598366215673256
reused_parent,native_cp,0.01,0,late,32,0.67219291821829297,0.016050469670460157
reused_parent,native_cp_star,0.01,0,late,32,1.0922645240625481,0.015789701242022759
reused_parent,oracle_useful_star,0.01,0,late,32,0.18823296405720719,0.0017239355478762151
reused_parent,raw,0.01,0.78539816339744828,whole,32,5.0039120943441677,0.014483744606845856
reused_parent,ema_q0p9,0.01,0.78539816339744828,whole,32,0.31366474586068782,0.0032679447226637392
reused_parent,ema_q0p99,0.01,0.78539816339744828,whole,32,0.53666010034088163,0.019009967583512935
reused_parent,ema_q0p999,0.01,0.78539816339744828,whole,32,4.0260377387099497,0.34237587290630955
reused_parent,dema_q0p9,0.01,0.78539816339744828,whole,32,0.65970325802692198,0.0047567055998869396
reused_parent,dema_q0p99,0.01,0.78539816339744828,whole,32,0.3245217518090262,0.0094302723449060238
reused_parent,dema_q0p999,0.01,0.78539816339744828,whole,32,2.1542414461229287,0.12696739033634291
reused_parent,ema_common_steady_oracle,0.01,0.78539816339744828,whole,32,0.23018005480818099,0.0046317302587407629
reused_parent,common_kalman,0.01,0.78539816339744828,whole,32,0.22025435728612083,0.0028639302171500416
reused_parent,useful_oracle_kalman,0.01,0.78539816339744828,whole,32,0.10372049523513957,0.0014890380299680021
reused_parent,scalar_k0,0.01,0.78539816339744828,whole,32,0.53666010034088174,0.019009967583512938
reused_parent,scalar_k0p5,0.01,0.78539816339744828,whole,32,0.63590275006491404,0.0052895585954582294
reused_parent,scalar_k0p9,0.01,0.78539816339744828,whole,32,0.46605710702388037,0.0032164639864175576
reused_parent,scalar_k1,0.01,0.78539816339744828,whole,32,0.31366474586068782,0.0032679447226637405
reused_parent,oracle_useful,0.01,0.78539816339744828,whole,32,0.15984475664507608,0.014536444620012436
reused_parent,oracle_nuisance,0.01,0.78539816339744828,whole,32,0.69048008955649331,0.014043991482964374
reused_parent,native_i17,0.01,0.78539816339744828,whole,32,0.66914513112840546,0.013331999068099643
reused_parent,native_cp,0.01,0.78539816339744828,whole,32,0.6697048388891671,0.013228858471118005
reused_parent,native_cp_star,0.01,0.78539816339744828,whole,32,1.0798879295964747,0.012575980745691018
reused_parent,oracle_useful_star,0.01,0.78539816339744828,whole,32,0.2317621201275718,0.014528317968525918
reused_parent,raw,0.01,0.78539816339744828,startup,32,4.9035316037743275,0.1002464715902561
reused_parent,ema_q0p9,0.01,0.78539816339744828,startup,32,0.52565589843671923,0.061144961525572784
reused_parent,ema_q0p99,0.01,0.78539816339744828,startup,32,2.4430670907417555,0.50838785684525645
reused_parent,ema_q0p999,0.01,0.78539816339744828,startup,32,4.9856351151572245,1.0750023098915991
reused_parent,dema_q0p9,0.01,0.78539816339744828,startup,32,0.73875380963650028,0.042656071588361981
reused_parent,dema_q0p99,0.01,0.78539816339744828,startup,32,1.2901235983150769,0.25640552127873206
reused_parent,dema_q0p999,0.01,0.78539816339744828,startup,32,4.5346175092159324,0.97378358816245147
reused_parent,ema_common_steady_oracle,0.01,0.78539816339744828,startup,32,0.75321354680236996,0.13407831283871399
reused_parent,common_kalman,0.01,0.78539816339744828,startup,32,0.3561094158113885,0.026168774601169602
reused_parent,useful_oracle_kalman,0.01,0.78539816339744828,startup,32,0.30699416350348252,0.02623337838919575
reused_parent,scalar_k0,0.01,0.78539816339744828,startup,32,2.4430670907417555,0.50838785684525645
reused_parent,scalar_k0p5,0.01,0.78539816339744828,startup,32,1.1535565858715655,0.13415326159262561
reused_parent,scalar_k0p9,0.01,0.78539816339744828,startup,32,0.60308610173899191,0.043461481858617028
reused_parent,scalar_k1,0.01,0.78539816339744828,startup,32,0.52565589843671923,0.06114496152557277
reused_parent,oracle_useful,0.01,0.78539816339744828,startup,32,1.6728969498416779,0.50738709982579766
reused_parent,oracle_nuisance,0.01,0.78539816339744828,startup,32,1.2958260393367973,0.15693764391479006
reused_parent,native_i17,0.01,0.78539816339744828,startup,32,0.834655540081636,0.098756794256397815
reused_parent,native_cp,0.01,0.78539816339744828,startup,32,0.84072928514934953,0.098330088221038531
reused_parent,native_cp_star,0.01,0.78539816339744828,startup,32,1.0062150248798372,0.093379571236259604
reused_parent,oracle_useful_star,0.01,0.78539816339744828,startup,32,1.6967712445984202,0.50849986346438414
reused_parent,raw,0.01,0.78539816339744828,transition,32,4.9984972746094494,0.033784022542425046
reused_parent,ema_q0p9,0.01,0.78539816339744828,transition,32,0.31434685491158054,0.005923581611621466
reused_parent,ema_q0p99,0.01,0.78539816339744828,transition,32,0.50157092683674454,0.03196285216954451
reused_parent,ema_q0p999,0.01,0.78539816339744828,transition,32,3.8960753184838053,0.60255059478341988
reused_parent,dema_q0p9,0.01,0.78539816339744828,transition,32,0.66551605954618509,0.0098139370119806092
reused_parent,dema_q0p99,0.01,0.78539816339744828,transition,32,0.32499075444741266,0.016460376684562496
reused_parent,dema_q0p999,0.01,0.78539816339744828,transition,32,2.1187229431182546,0.25733492729621671
reused_parent,ema_common_steady_oracle,0.01,0.78539816339744828,transition,32,0.22254051061081287,0.0067049861786398516
reused_parent,common_kalman,0.01,0.78539816339744828,transition,32,0.22254898062287673,0.0067112235731208482
reused_parent,useful_oracle_kalman,0.01,0.78539816339744828,transition,32,0.10685648390022252,0.0029287885588862176
reused_parent,scalar_k0,0.01,0.78539816339744828,transition,32,0.50157092683674454,0.031962852169544503
reused_parent,scalar_k0p5,0.01,0.78539816339744828,transition,32,0.62489701093100247,0.0087533464117883365
reused_parent,scalar_k0p9,0.01,0.78539816339744828,transition,32,0.46738333705698271,0.0061938487161361799
reused_parent,scalar_k1,0.01,0.78539816339744828,transition,32,0.31434685491158054,0.005923581611621466
reused_parent,oracle_useful,0.01,0.78539816339744828,transition,32,0.14255146459695034,0.0083285613516925362
reused_parent,oracle_nuisance,0.01,0.78539816339744828,transition,32,0.67336631715137474,0.033790725638328578
reused_parent,native_i17,0.01,0.78539816339744828,transition,32,0.64082194969690343,0.033043047880144914
reused_parent,native_cp,0.01,0.78539816339744828,transition,32,0.64240852487428257,0.033315873155336503
reused_parent,native_cp_star,0.01,0.78539816339744828,transition,32,1.0468184930114113,0.033296366573047791
reused_parent,oracle_useful_star,0.01,0.78539816339744828,transition,32,0.2140805154209153,0.0082629971381898183
reused_parent,raw,0.01,0.78539816339744828,late,32,5.0088825566169106,0.017551022144278318
reused_parent,ema_q0p9,0.01,0.78539816339744828,late,32,0.30639374139288555,0.0025548103679456876
reused_parent,ema_q0p99,0.01,0.78539816339744828,late,32,0.48363995271209359,0.016282624361038715
reused_parent,ema_q0p999,0.01,0.78539816339744828,late,32,4.033039885562884,0.44817255451254345
reused_parent,dema_q0p9,0.01,0.78539816339744828,late,32,0.65532439918415708,0.0047043368823302106
reused_parent,dema_q0p99,0.01,0.78539816339744828,late,32,0.29219432280064184,0.0054405850794674556
reused_parent,dema_q0p999,0.01,0.78539816339744828,late,32,2.085551128254564,0.14053650244520297
reused_parent,ema_common_steady_oracle,0.01,0.78539816339744828,late,32,0.2150374683342518,0.0028333104835465985
reused_parent,common_kalman,0.01,0.78539816339744828,late,32,0.2150374683342518,0.0028333104835465942
reused_parent,useful_oracle_kalman,0.01,0.78539816339744828,late,32,0.096003909693336595,0.0015458443826998254
reused_parent,scalar_k0,0.01,0.78539816339744828,late,32,0.48363995271209359,0.016282624361038715
reused_parent,scalar_k0p5,0.01,0.78539816339744828,late,32,0.62194934394486578,0.0046209208940072421
reused_parent,scalar_k0p9,0.01,0.78539816339744828,late,32,0.4610916048567793,0.0030369974638596638
reused_parent,scalar_k1,0.01,0.78539816339744828,late,32,0.30639374139288555,0.0025548103679456898
reused_parent,oracle_useful,0.01,0.78539816339744828,late,32,0.11459767115296039,0.0016572470620205412
reused_parent,oracle_nuisance,0.01,0.78539816339744828,late,32,0.67543602295201877,0.016189266856503948
reused_parent,native_i17,0.01,0.78539816339744828,late,32,0.67212507192608162,0.015983662156732577
reused_parent,native_cp,0.01,0.78539816339744828,late,32,0.67219291821829308,0.016050469670460175
reused_parent,native_cp_star,0.01,0.78539816339744828,late,32,1.0922645240625481,0.01578970124202277
reused_parent,oracle_useful_star,0.01,0.78539816339744828,late,32,0.18823296405720713,0.0017239355478762084
reused_parent,raw,0.10000000000000001,0,whole,32,5.0039120943441677,0.014483744606845848
reused_parent,ema_q0p9,0.10000000000000001,0,whole,32,0.69423351489058494,0.0067777157458634016
reused_parent,ema_q0p99,0.10000000000000001,0,whole,32,4.5803609701811165,0.13030323249509976
reused_parent,ema_q0p999,0.10000000000000001,0,whole,32,35.488758700613545,3.4019733929158851
reused_parent,dema_q0p9,0.10000000000000001,0,whole,32,0.83247664934505194,0.0053282669293694823
reused_parent,dema_q0p99,0.10000000000000001,0,whole,32,2.4078224250809059,0.053811439607900906
reused_parent,dema_q0p999,0.10000000000000001,0,whole,32,18.692716454381134,1.0885557264455343
reused_parent,ema_common_steady_oracle,0.10000000000000001,0,whole,32,0.66510383364807868,0.0051407237128410239
reused_parent,common_kalman,0.10000000000000001,0,whole,32,0.66307380369491264,0.0048496464394386695
reused_parent,useful_oracle_kalman,0.10000000000000001,0,whole,32,0.27924200435214519,0.002340718853970602
reused_parent,scalar_k0,0.10000000000000001,0,whole,32,4.5803609701811165,0.1303032324950997
reused_parent,scalar_k0p5,0.10000000000000001,0,whole,32,1.7052037362883774,0.033757271666304274
reused_parent,scalar_k0p9,0.10000000000000001,0,whole,32,0.7134648179407902,0.0052450588497466059
reused_parent,scalar_k1,0.10000000000000001,0,whole,32,0.69423351489058494,0.0067777157458634085
reused_parent,oracle_useful,0.10000000000000001,0,whole,32,0.54041352567497314,0.015555124194705776
reused_parent,oracle_nuisance,0.10000000000000001,0,whole,32,4.7341809593967286,0.12993484520076123
reused_parent,native_i17,0.10000000000000001,0,whole,32,1.4749715338112597,0.10303400733897067
reused_parent,native_cp,0.10000000000000001,0,whole,32,1.4513435835945803,0.10270371325005966
reused_parent,native_cp_star,0.10000000000000001,0,whole,32,1.4277464612043942,0.1261739664094097
reused_parent,oracle_useful_star,0.10000000000000001,0,whole,32,0.33424731841456662,0.014658753191631865
reused_parent,raw,0.10000000000000001,0,startup,32,4.9035316037743275,0.10024647159025608
reused_parent,ema_q0p9,0.10000000000000001,0,startup,32,0.90122995873790934,0.068381334175362476
reused_parent,ema_q0p99,0.10000000000000001,0,startup,32,4.7902894770888667,0.65379861233688907
reused_parent,ema_q0p999,0.10000000000000001,0,startup,32,8.8676604151177898,1.3528569805647377
reused_parent,dema_q0p9,0.10000000000000001,0,startup,32,0.89841479019805237,0.043982631534777605
reused_parent,dema_q0p99,0.10000000000000001,0,startup,32,2.7892884770762532,0.32690194769338415
reused_parent,dema_q0p999,0.10000000000000001,0,startup,32,8.165581388220124,1.2305423730155935
reused_parent,ema_common_steady_oracle,0.10000000000000001,0,startup,32,0.81123159927715194,0.05235859827083842
reused_parent,common_kalman,0.10000000000000001,0,startup,32,0.73003039332419506,0.030040832303912374
reused_parent,useful_oracle_kalman,0.10000000000000001,0,startup,32,0.46391702476908275,0.02728768482129185
reused_parent,scalar_k0,0.10000000000000001,0,startup,32,4.7902894770888675,0.65379861233688896
reused_parent,scalar_k0p5,0.10000000000000001,0,startup,32,1.7956853629776517,0.17467610212872695
reused_parent,scalar_k0p9,0.10000000000000001,0,startup,32,0.82609085834849738,0.047930042975469017
reused_parent,scalar_k1,0.10000000000000001,0,startup,32,0.90122995873790934,0.06838133417536249
reused_parent,oracle_useful,0.10000000000000001,0,startup,32,2.0484710101428671,0.50628627793441994
reused_parent,oracle_nuisance,0.10000000000000001,0,startup,32,3.6430484256839089,0.39479938605532783
reused_parent,native_i17,0.10000000000000001,0,startup,32,2.0993902456974336,0.27850094847258161
reused_parent,native_cp,0.10000000000000001,0,startup,32,2.106321957028173,0.27879521769123145
reused_parent,native_cp_star,0.10000000000000001,0,startup,32,2.0995386615418044,0.28052642029414498
reused_parent,oracle_useful_star,0.10000000000000001,0,startup,32,1.7936986459129303,0.50672560945279022
reused_parent,raw,0.10000000000000001,0,transition,32,4.9984972746094494,0.033784022542425039
reused_parent,ema_q0p9,0.10000000000000001,0,transition,32,0.70149858969673107,0.013186517955985386
reused_parent,ema_q0p99,0.10000000000000001,0,transition,32,4.4750589235298168,0.32102431529772019
reused_parent,ema_q0p999,0.10000000000000001,0,transition,32,23.688449438293851,3.9593469311772682
reused_parent,dema_q0p9,0.10000000000000001,0,transition,32,0.83902256305993128,0.010613025623344423
reused_parent,dema_q0p99,0.10000000000000001,0,transition,32,2.4823478182154011,0.13879861604647989
reused_parent,dema_q0p999,0.10000000000000001,0,transition,32,15.039280910030845,1.9789503978727745
reused_parent,ema_common_steady_oracle,0.10000000000000001,0,transition,32,0.67188433726909602,0.0100226454571669
reused_parent,common_kalman,0.10000000000000001,0,transition,32,0.67188433813868687,0.010022645597006911
reused_parent,useful_oracle_kalman,0.10000000000000001,0,transition,32,0.28271570335118912,0.0037939908483021023
reused_parent,scalar_k0,0.10000000000000001,0,transition,32,4.4750589235298168,0.32102431529772019
reused_parent,scalar_k0p5,0.10000000000000001,0,transition,32,1.6769835334797956,0.081805977282314007
reused_parent,scalar_k0p9,0.10000000000000001,0,transition,32,0.71597662719727073,0.011292635349544534
reused_parent,scalar_k1,0.10000000000000001,0,transition,32,0.70149858969673118,0.013186517955985386
reused_parent,oracle_useful,0.10000000000000001,0,transition,32,0.52970319938210098,0.013312157403127573
reused_parent,oracle_nuisance,0.10000000000000001,0,transition,32,4.6468543138444467,0.32304687323668529
reused_parent,native_i17,0.10000000000000001,0,transition,32,2.0962918655018514,0.16984017443635097
reused_parent,native_cp,0.10000000000000001,0,transition,32,2.083419694726814,0.17014080343919782
reused_parent,native_cp_star,0.10000000000000001,0,transition,32,2.1725422470958149,0.20079765589263188
reused_parent,oracle_useful_star,0.10000000000000001,0,transition,32,0.31827739856116494,0.0087014073256045828
reused_parent,raw,0.10000000000000001,0,late,32,5.0088825566169106,0.017551022144278314
reused_parent,ema_q0p9,0.10000000000000001,0,late,32,0.68515411098716361,0.007451399347561811
reused_parent,ema_q0p99,0.10000000000000001,0,late,32,4.6049539672795818,0.16063626490154689
reused_parent,ema_q0p999,0.10000000000000001,0,late,32,39.91622142215931,4.6455880368602891
reused_parent,dema_q0p9,0.10000000000000001,0,late,32,0.82831493720215477,0.005638486611774276
reused_parent,dema_q0p99,0.10000000000000001,0,late,32,2.3727492720740457,0.049075945670392231
reused_parent,dema_q0p999,0.10000000000000001,0,late,32,20.139651619891591,1.3723295240939664
reused_parent,ema_common_steady_oracle,0.10000000000000001,0,late,32,0.65819875704080444,0.0056318568020636535
reused_parent,common_kalman,0.10000000000000001,0,late,32,0.65819875704080433,0.005631856802063644
reused_parent,useful_oracle_kalman,0.10000000000000001,0,late,32,0.27204406063853404,0.0025477209561903208
reused_parent,scalar_k0,0.10000000000000001,0,late,32,4.604953967279581,0.16063626490154684
reused_parent,scalar_k0p5,0.10000000000000001,0,late,32,1.710653742907976,0.041441975245502173
reused_parent,scalar_k0p9,0.10000000000000001,0,late,32,0.70895707381692241,0.0057342790199763349
reused_parent,scalar_k1,0.10000000000000001,0,late,32,0.68515411098716361,0.0074513993475618231
reused_parent,oracle_useful,0.10000000000000001,0,late,32,0.49335804074723844,0.007284698881704443
reused_parent,oracle_nuisance,0.10000000000000001,0,late,32,4.7967500375195069,0.160408366360829
reused_parent,native_i17,0.10000000000000001,0,late,32,1.2677614772412098,0.10101296701566113
reused_parent,native_cp,0.10000000000000001,0,late,32,1.2398881378071238,0.099881471745341247
reused_parent,native_cp_star,0.10000000000000001,0,late,32,1.181914652092388,0.12369438283392364
reused_parent,oracle_useful_star,0.10000000000000001,0,late,32,0.29038991678730836,0.0025363166877223784
reused_parent,raw,0.10000000000000001,0.78539816339744828,whole,32,5.0039120943441677,0.014483744606845855
reused_parent,ema_q0p9,0.10000000000000001,0.78539816339744828,whole,32,0.69423351489058494,0.0067777157458634059
reused_parent,ema_q0p99,0.10000000000000001,0.78539816339744828,whole,32,4.5803609701811165,0.13030323249509976
reused_parent,ema_q0p999,0.10000000000000001,0.78539816339744828,whole,32,35.488758700613559,3.4019733929158855
reused_parent,dema_q0p9,0.10000000000000001,0.78539816339744828,whole,32,0.83247664934505194,0.0053282669293694849
reused_parent,dema_q0p99,0.10000000000000001,0.78539816339744828,whole,32,2.407822425080905,0.053811439607900982
reused_parent,dema_q0p999,0.10000000000000001,0.78539816339744828,whole,32,18.692716454381141,1.0885557264455339
reused_parent,ema_common_steady_oracle,0.10000000000000001,0.78539816339744828,whole,32,0.66510383364807857,0.0051407237128410308
reused_parent,common_kalman,0.10000000000000001,0.78539816339744828,whole,32,0.66307380369491264,0.0048496464394386755
reused_parent,useful_oracle_kalman,0.10000000000000001,0.78539816339744828,whole,32,0.27924200435214513,0.002340718853970602
reused_parent,scalar_k0,0.10000000000000001,0.78539816339744828,whole,32,4.5803609701811165,0.13030323249509976
reused_parent,scalar_k0p5,0.10000000000000001,0.78539816339744828,whole,32,1.7052037362883774,0.033757271666304302
reused_parent,scalar_k0p9,0.10000000000000001,0.78539816339744828,whole,32,0.71346481794079031,0.0052450588497466102
reused_parent,scalar_k1,0.10000000000000001,0.78539816339744828,whole,32,0.69423351489058494,0.006777715745863405
reused_parent,oracle_useful,0.10000000000000001,0.78539816339744828,whole,32,0.54041352567497314,0.015555124194705795
reused_parent,oracle_nuisance,0.10000000000000001,0.78539816339744828,whole,32,4.7341809593967277,0.12993484520076121
reused_parent,native_i17,0.10000000000000001,0.78539816339744828,whole,32,1.474971533811261,0.10303400733897068
reused_parent,native_cp,0.10000000000000001,0.78539816339744828,whole,32,1.4513435835945812,0.10270371325005978
reused_parent,native_cp_star,0.10000000000000001,0.78539816339744828,whole,32,1.4277464612043955,0.12617396640940984
reused_parent,oracle_useful_star,0.10000000000000001,0.78539816339744828,whole,32,0.33424731841456667,0.014658753191631877
reused_parent,raw,0.10000000000000001,0.78539816339744828,startup,32,4.9035316037743275,0.1002464715902561
reused_parent,ema_q0p9,0.10000000000000001,0.78539816339744828,startup,32,0.90122995873790934,0.068381334175362476
reused_parent,ema_q0p99,0.10000000000000001,0.78539816339744828,startup,32,4.7902894770888675,0.6537986123368893
reused_parent,ema_q0p999,0.10000000000000001,0.78539816339744828,startup,32,8.867660415117788,1.3528569805647372
reused_parent,dema_q0p9,0.10000000000000001,0.78539816339744828,startup,32,0.89841479019805237,0.043982631534777605
reused_parent,dema_q0p99,0.10000000000000001,0.78539816339744828,startup,32,2.7892884770762545,0.32690194769338471
reused_parent,dema_q0p999,0.10000000000000001,0.78539816339744828,startup,32,8.1655813882201187,1.230542373015592
reused_parent,ema_common_steady_oracle,0.10000000000000001,0.78539816339744828,startup,32,0.81123159927715183,0.052358598270838413
reused_parent,common_kalman,0.10000000000000001,0.78539816339744828,startup,32,0.73003039332419495,0.030040832303912374
reused_parent,useful_oracle_kalman,0.10000000000000001,0.78539816339744828,startup,32,0.4639170247690827,0.02728768482129185
reused_parent,scalar_k0,0.10000000000000001,0.78539816339744828,startup,32,4.7902894770888675,0.6537986123368893
reused_parent,scalar_k0p5,0.10000000000000001,0.78539816339744828,startup,32,1.7956853629776517,0.17467610212872706
reused_parent,scalar_k0p9,0.10000000000000001,0.78539816339744828,startup,32,0.82609085834849738,0.04793004297546901
reused_parent,scalar_k1,0.10000000000000001,0.78539816339744828,startup,32,0.90122995873790934,0.068381334175362463
reused_parent,oracle_useful,0.10000000000000001,0.78539816339744828,startup,32,2.048471010142868,0.50628627793442049
reused_parent,oracle_nuisance,0.10000000000000001,0.78539816339744828,startup,32,3.6430484256839089,0.39479938605532783
reused_parent,native_i17,0.10000000000000001,0.78539816339744828,startup,32,2.099390245697434,0.27850094847258156
reused_parent,native_cp,0.10000000000000001,0.78539816339744828,startup,32,2.1063219570281735,0.27879521769123133
reused_parent,native_cp_star,0.10000000000000001,0.78539816339744828,startup,32,2.0995386615418052,0.28052642029414493
reused_parent,oracle_useful_star,0.10000000000000001,0.78539816339744828,startup,32,1.7936986459129312,0.50672560945279066
reused_parent,raw,0.10000000000000001,0.78539816339744828,transition,32,4.9984972746094494,0.03378402254242506
reused_parent,ema_q0p9,0.10000000000000001,0.78539816339744828,transition,32,0.70149858969673118,0.013186517955985381
reused_parent,ema_q0p99,0.10000000000000001,0.78539816339744828,transition,32,4.4750589235298168,0.32102431529772041
reused_parent,ema_q0p999,0.10000000000000001,0.78539816339744828,transition,32,23.688449438293855,3.9593469311772704
reused_parent,dema_q0p9,0.10000000000000001,0.78539816339744828,transition,32,0.83902256305993128,0.010613025623344414
reused_parent,dema_q0p99,0.10000000000000001,0.78539816339744828,transition,32,2.4823478182153993,0.13879861604647981
reused_parent,dema_q0p999,0.10000000000000001,0.78539816339744828,transition,32,15.039280910030849,1.9789503978727767
reused_parent,ema_common_steady_oracle,0.10000000000000001,0.78539816339744828,transition,32,0.67188433726909591,0.010022645457166898
reused_parent,common_kalman,0.10000000000000001,0.78539816339744828,transition,32,0.67188433813868675,0.010022645597006913
reused_parent,useful_oracle_kalman,0.10000000000000001,0.78539816339744828,transition,32,0.28271570335118912,0.0037939908483020984
reused_parent,scalar_k0,0.10000000000000001,0.78539816339744828,transition,32,4.4750589235298177,0.32102431529772046
reused_parent,scalar_k0p5,0.10000000000000001,0.78539816339744828,transition,32,1.6769835334797958,0.081805977282314063
reused_parent,scalar_k0p9,0.10000000000000001,0.78539816339744828,transition,32,0.71597662719727073,0.011292635349544534
reused_parent,scalar_k1,0.10000000000000001,0.78539816339744828,transition,32,0.70149858969673118,0.013186517955985381
reused_parent,oracle_useful,0.10000000000000001,0.78539816339744828,transition,32,0.52970319938210098,0.013312157403127569
reused_parent,oracle_nuisance,0.10000000000000001,0.78539816339744828,transition,32,4.6468543138444476,0.32304687323668552
reused_parent,native_i17,0.10000000000000001,0.78539816339744828,transition,32,2.096291865501851,0.16984017443635097
reused_parent,native_cp,0.10000000000000001,0.78539816339744828,transition,32,2.0834196947268131,0.1701408034391978
reused_parent,native_cp_star,0.10000000000000001,0.78539816339744828,transition,32,2.1725422470958144,0.20079765589263188
reused_parent,oracle_useful_star,0.10000000000000001,0.78539816339744828,transition,32,0.31827739856116494,0.0087014073256045793
reused_parent,raw,0.10000000000000001,0.78539816339744828,late,32,5.0088825566169106,0.017551022144278314
reused_parent,ema_q0p9,0.10000000000000001,0.78539816339744828,late,32,0.6851541109871635,0.0074513993475618127
reused_parent,ema_q0p99,0.10000000000000001,0.78539816339744828,late,32,4.604953967279581,0.16063626490154692
reused_parent,ema_q0p999,0.10000000000000001,0.78539816339744828,late,32,39.916221422159325,4.64558803686029
reused_parent,dema_q0p9,0.10000000000000001,0.78539816339744828,late,32,0.82831493720215466,0.0056384866117742726
reused_parent,dema_q0p99,0.10000000000000001,0.78539816339744828,late,32,2.3727492720740448,0.049075945670392203
reused_parent,dema_q0p999,0.10000000000000001,0.78539816339744828,late,32,20.139651619891595,1.3723295240939641
reused_parent,ema_common_steady_oracle,0.10000000000000001,0.78539816339744828,late,32,0.65819875704080433,0.0056318568020636544
reused_parent,common_kalman,0.10000000000000001,0.78539816339744828,late,32,0.65819875704080433,0.0056318568020636587
reused_parent,useful_oracle_kalman,0.10000000000000001,0.78539816339744828,late,32,0.27204406063853404,0.0025477209561903221
reused_parent,scalar_k0,0.10000000000000001,0.78539816339744828,late,32,4.604953967279581,0.16063626490154695
reused_parent,scalar_k0p5,0.10000000000000001,0.78539816339744828,late,32,1.7106537429079758,0.041441975245502201
reused_parent,scalar_k0p9,0.10000000000000001,0.78539816339744828,late,32,0.70895707381692241,0.005734279019976341
reused_parent,scalar_k1,0.10000000000000001,0.78539816339744828,late,32,0.6851541109871635,0.0074513993475618101
reused_parent,oracle_useful,0.10000000000000001,0.78539816339744828,late,32,0.49335804074723844,0.0072846988817044517
reused_parent,oracle_nuisance,0.10000000000000001,0.78539816339744828,late,32,4.796750037519506,0.16040836636082903
reused_parent,native_i17,0.10000000000000001,0.78539816339744828,late,32,1.2677614772412114,0.10101296701566105
reused_parent,native_cp,0.10000000000000001,0.78539816339744828,late,32,1.2398881378071254,0.099881471745341302
reused_parent,native_cp_star,0.10000000000000001,0.78539816339744828,late,32,1.1819146520923893,0.12369438283392369
reused_parent,oracle_useful_star,0.10000000000000001,0.78539816339744828,late,32,0.29038991678730836,0.002536316687722381
